Workbook

Sheet All Simpanan 
A1: NO. | B1: NO. ANGGOTA | C1: NAMA ANGGOTA | D1: UNIT KERJA | E1: JUMLAH SIMPANAN ANGGOTA PERIODE JUNI 2025 | K1: STATUS
E2: WAJIB | F2: POKOK | G2: KHUSUS | H2: SUKARELA | I2: SUKARELA BERJANGKA | J2: JUMLAH
A3: 1 | B3: 000001 | C3: Aan Agus F, Amd. | D3: SBC | E3: =SUMIF('Simpanan Wajib'!C:C,'All Simpanan '!C:C,'Simpanan Wajib'!E:E) -> 0 | F3: =SUMIF('Simpanan Pokok'!C:C,'All Simpanan '!C:C,'Simpanan Pokok'!E:E) -> 0 | G3: =SUMIF('Simpanan Khusus'!C:C,'All Simpanan '!C:C,'Simpanan Khusus'!E:E) -> 0 | H3: =SUMIF('Simpanan Sukarela'!C:C,'All Simpanan '!C:C,'Simpanan Sukarela'!E:E) -> 0 | I3: =SUMIF('Simpanan Sukarela Berjangka'!B:B,'All Simpanan '!C:C,'Simpanan Sukarela Berjangka'!K:K) -> 0 | J3: =SUM(E3:I3) -> 0 | K3: AKTIF
A4: 2 | B4: 000002 | C4: Abdul Ghofar, Ir | D4: DOC | E4: =SUMIF('Simpanan Wajib'!C:C,'All Simpanan '!C:C,'Simpanan Wajib'!E:E) -> 0 | F4: =SUMIF('Simpanan Pokok'!C:C,'All Simpanan '!C:C,'Simpanan Pokok'!E:E) -> 0 | G4: =SUMIF('Simpanan Khusus'!C:C,'All Simpanan '!C:C,'Simpanan Khusus'!E:E) -> 0 | H4: =SUMIF('Simpanan Sukarela'!C:C,'All Simpanan '!C:C,'Simpanan Sukarela'!E:E) -> 0 | I4: =SUMIF('Simpanan Sukarela Berjangka'!B:B,'All Simpanan '!C:C,'Simpanan Sukarela Berjangka'!K:K) -> 0 | J4: =SUM(E4:I4) -> 0 | K4: BUKAN ANGGOTA
A5: 3 | B5: 000003 | C5: Abdul Hadi | E5: =SUMIF('Simpanan Wajib'!C:C,'All Simpanan '!C:C,'Simpanan Wajib'!E:E) -> 150000 | F5: =SUMIF('Simpanan Pokok'!C:C,'All Simpanan '!C:C,'Simpanan Pokok'!E:E) -> 0 | G5: =SUMIF('Simpanan Khusus'!C:C,'All Simpanan '!C:C,'Simpanan Khusus'!E:E) -> 0 | H5: =SUMIF('Simpanan Sukarela'!C:C,'All Simpanan '!C:C,'Simpanan Sukarela'!E:E) -> 6155 | I5: =SUMIF('Simpanan Sukarela Berjangka'!B:B,'All Simpanan '!C:C,'Simpanan Sukarela Berjangka'!K:K) -> 0 | J5: =SUM(E5:I5) -> 156155 | K5: BUKAN ANGGOTA
A6: 4 | B6: 000006 | C6: Abu Kasim Usman | D6: SB | E6: =SUMIF('Simpanan Wajib'!C:C,'All Simpanan '!C:C,'Simpanan Wajib'!E:E) -> 0 | F6: =SUMIF('Simpanan Pokok'!C:C,'All Simpanan '!C:C,'Simpanan Pokok'!E:E) -> 0 | G6: =SUMIF('Simpanan Khusus'!C:C,'All Simpanan '!C:C,'Simpanan Khusus'!E:E) -> 0 | H6: =SUMIF('Simpanan Sukarela'!C:C,'All Simpanan '!C:C,'Simpanan Sukarela'!E:E) -> 1217315.7 | I6: =SUMIF('Simpanan Sukarela Berjangka'!B:B,'All Simpanan '!C:C,'Simpanan Sukarela Berjangka'!K:K) -> 0 | J6: =SUM(E6:I6) -> 1217315.7 | K6: AKTIF
A7: 5 | B7: 000009 | C7: Achmad | D7: PUMA | E7: =SUMIF('Simpanan Wajib'!C:C,'All Simpanan '!C:C,'Simpanan Wajib'!E:E) -> 24852898 | F7: =SUMIF('Simpanan Pokok'!C:C,'All Simpanan '!C:C,'Simpanan Pokok'!E:E) -> 5000 | G7: =SUMIF('Simpanan Khusus'!C:C,'All Simpanan '!C:C,'Simpanan Khusus'!E:E) -> 795000 | H7: =SUMIF('Simpanan Sukarela'!C:C,'All Simpanan '!C:C,'Simpanan Sukarela'!E:E) -> 2229525.3 | I7: =SUMIF('Simpanan Sukarela Berjangka'!B:B,'All Simpanan '!C:C,'Simpanan Sukarela Berjangka'!K:K) -> 0 | J7: =SUM(E7:I7) -> 27882423 | K7: AKTIF
A8: 6 | B8: 000013 | C8: Achmad Muslim, Ir | D8: HCTIO | E8: =SUMIF('Simpanan Wajib'!C:C,'All Simpanan '!C:C,'Simpanan Wajib'!E:E) -> 0 | F8: =SUMIF('Simpanan Pokok'!C:C,'All Simpanan '!C:C,'Simpanan Pokok'!E:E) -> 0 | G8: =SUMIF('Simpanan Khusus'!C:C,'All Simpanan '!C:C,'Simpanan Khusus'!E:E) -> 0 | H8: =SUMIF('Simpanan Sukarela'!C:C,'All Simpanan '!C:C,'Simpanan Sukarela'!E:E) -> 0 | I8: =SUMIF('Simpanan Sukarela Berjangka'!B:B,'All Simpanan '!C:C,'Simpanan Sukarela Berjangka'!K:K) -> 0 | J8: =SUM(E8:I8) -> 0 | K8: AKTIF
A9: 7 | B9: 000014 | C9: Achmad Suseno, Ir | D9: R&P | E9: =SUMIF('Simpanan Wajib'!C:C,'All Simpanan '!C:C,'Simpanan Wajib'!E:E) -> 0 | F9: =SUMIF('Simpanan Pokok'!C:C,'All Simpanan '!C:C,'Simpanan Pokok'!E:E) -> 0 | G9: =SUMIF('Simpanan Khusus'!C:C,'All Simpanan '!C:C,'Simpanan Khusus'!E:E) -> 0 | H9: =SUMIF('Simpanan Sukarela'!C:C,'All Simpanan '!C:C,'Simpanan Sukarela'!E:E) -> 0 | I9: =SUMIF('Simpanan Sukarela Berjangka'!B:B,'All Simpanan '!C:C,'Simpanan Sukarela Berjangka'!K:K) -> 0 | J9: =SUM(E9:I9) -> 0 | K9: PASIF
A10: 8 | B10: 000015 | C10: Achmad Tawakkal | D10: DOC | E10: =SUMIF('Simpanan Wajib'!C:C,'All Simpanan '!C:C,'Simpanan Wajib'!E:E) -> 0 | F10: =SUMIF('Simpanan Pokok'!C:C,'All Simpanan '!C:C,'Simpanan Pokok'!E:E) -> 0 | G10: =SUMIF('Simpanan Khusus'!C:C,'All Simpanan '!C:C,'Simpanan Khusus'!E:E) -> 0 | H10: =SUMIF('Simpanan Sukarela'!C:C,'All Simpanan '!C:C,'Simpanan Sukarela'!E:E) -> 0 | I10: =SUMIF('Simpanan Sukarela Berjangka'!B:B,'All Simpanan '!C:C,'Simpanan Sukarela Berjangka'!K:K) -> 0 | J10: =SUM(E10:I10) -> 0 | K10: AKTIF
A11: 9 | B11: 000018 | C11: Ade Prihadi | D11: CG | E11: =SUMIF('Simpanan Wajib'!C:C,'All Simpanan '!C:C,'Simpanan Wajib'!E:E) -> 0 | F11: =SUMIF('Simpanan Pokok'!C:C,'All Simpanan '!C:C,'Simpanan Pokok'!E:E) -> 0 | G11: =SUMIF('Simpanan Khusus'!C:C,'All Simpanan '!C:C,'Simpanan Khusus'!E:E) -> 0 | H11: =SUMIF('Simpanan Sukarela'!C:C,'All Simpanan '!C:C,'Simpanan Sukarela'!E:E) -> 655986 | I11: =SUMIF('Simpanan Sukarela Berjangka'!B:B,'All Simpanan '!C:C,'Simpanan Sukarela Berjangka'!K:K) -> 0 | J11: =SUM(E11:I11) -> 655986 | K11: PASIF
A12: 10 | B12: 000019 | C12: Ade Sugandi | D12: - | E12: =SUMIF('Simpanan Wajib'!C:C,'All Simpanan '!C:C,'Simpanan Wajib'!E:E) -> 250000 | F12: =SUMIF('Simpanan Pokok'!C:C,'All Simpanan '!C:C,'Simpanan Pokok'!E:E) -> 0 | G12: =SUMIF('Simpanan Khusus'!C:C,'All Simpanan '!C:C,'Simpanan Khusus'!E:E) -> 100000 | H12: =SUMIF('Simpanan Sukarela'!C:C,'All Simpanan '!C:C,'Simpanan Sukarela'!E:E) -> 214116.94 | I12: =SUMIF('Simpanan Sukarela Berjangka'!B:B,'All Simpanan '!C:C,'Simpanan Sukarela Berjangka'!K:K) -> 0 | J12: =SUM(E12:I12) -> 564116.94 | K12: PASIF
A13: 11 | B13: 000020 | C13: Adhitama Rama, ST. | D13: PHP | E13: =SUMIF('Simpanan Wajib'!C:C,'All Simpanan '!C:C,'Simpanan Wajib'!E:E) -> 0 | F13: =SUMIF('Simpanan Pokok'!C:C,'All Simpanan '!C:C,'Simpanan Pokok'!E:E) -> 0 | G13: =SUMIF('Simpanan Khusus'!C:C,'All Simpanan '!C:C,'Simpanan Khusus'!E:E) -> 0 | H13: =SUMIF('Simpanan Sukarela'!C:C,'All Simpanan '!C:C,'Simpanan Sukarela'!E:E) -> 0 | I13: =SUMIF('Simpanan Sukarela Berjangka'!B:B,'All Simpanan '!C:C,'Simpanan Sukarela Berjangka'!K:K) -> 0 | J13: =SUM(E13:I13) -> 0 | K13: PASIF
A14: 12 | B14: 000021 | C14: Adi Iman Patria, B.Sc. | D14: HC&L | E14: =SUMIF('Simpanan Wajib'!C:C,'All Simpanan '!C:C,'Simpanan Wajib'!E:E) -> 0 | F14: =SUMIF('Simpanan Pokok'!C:C,'All Simpanan '!C:C,'Simpanan Pokok'!E:E) -> 0 | G14: =SUMIF('Simpanan Khusus'!C:C,'All Simpanan '!C:C,'Simpanan Khusus'!E:E) -> 0 | H14: =SUMIF('Simpanan Sukarela'!C:C,'All Simpanan '!C:C,'Simpanan Sukarela'!E:E) -> 0 | I14: =SUMIF('Simpanan Sukarela Berjangka'!B:B,'All Simpanan '!C:C,'Simpanan Sukarela Berjangka'!K:K) -> 0 | J14: =SUM(E14:I14) -> 0 | K14: BUKAN ANGGOTA
A15: 13 | B15: 000025 | C15: Aditia Warman | D15: - | E15: =SUMIF('Simpanan Wajib'!C:C,'All Simpanan '!C:C,'Simpanan Wajib'!E:E) -> 0 | F15: =SUMIF('Simpanan Pokok'!C:C,'All Simpanan '!C:C,'Simpanan Pokok'!E:E) -> 0 | G15: =SUMIF('Simpanan Khusus'!C:C,'All Simpanan '!C:C,'Simpanan Khusus'!E:E) -> 0 | H15: =SUMIF('Simpanan Sukarela'!C:C,'All Simpanan '!C:C,'Simpanan Sukarela'!E:E) -> 2245019 | I15: =SUMIF('Simpanan Sukarela Berjangka'!B:B,'All Simpanan '!C:C,'Simpanan Sukarela Berjangka'!K:K) -> 0 | J15: =SUM(E15:I15) -> 2245019 | K15: PASIF
A16: 14 | B16: 000026 | C16: Aditya Trisandriya P, ST | D16: STA | E16: =SUMIF('Simpanan Wajib'!C:C,'All Simpanan '!C:C,'Simpanan Wajib'!E:E) -> 0 | F16: =SUMIF('Simpanan Pokok'!C:C,'All Simpanan '!C:C,'Simpanan Pokok'!E:E) -> 0 | G16: =SUMIF('Simpanan Khusus'!C:C,'All Simpanan '!C:C,'Simpanan Khusus'!E:E) -> 0 | H16: =SUMIF('Simpanan Sukarela'!C:C,'All Simpanan '!C:C,'Simpanan Sukarela'!E:E) -> 0 | I16: =SUMIF('Simpanan Sukarela Berjangka'!B:B,'All Simpanan '!C:C,'Simpanan Sukarela Berjangka'!K:K) -> 0 | J16: =SUM(E16:I16) -> 0 | K16: AKTIF
A17: 15 | B17: 000027 | C17: Afrizal | D17: - | E17: =SUMIF('Simpanan Wajib'!C:C,'All Simpanan '!C:C,'Simpanan Wajib'!E:E) -> 0 | F17: =SUMIF('Simpanan Pokok'!C:C,'All Simpanan '!C:C,'Simpanan Pokok'!E:E) -> 0 | G17: =SUMIF('Simpanan Khusus'!C:C,'All Simpanan '!C:C,'Simpanan Khusus'!E:E) -> 0 | H17: =SUMIF('Simpanan Sukarela'!C:C,'All Simpanan '!C:C,'Simpanan Sukarela'!E:E) -> 131136.88 | I17: =SUMIF('Simpanan Sukarela Berjangka'!B:B,'All Simpanan '!C:C,'Simpanan Sukarela Berjangka'!K:K) -> 0 | J17: =SUM(E17:I17) -> 131136.88 | K17: PASIF
... A405: 403 | B405: 000650 | C405: Andre Guntur Teguh WS, ST. | D405: PB | E405: =SUMIF('Simpanan Wajib'!C:C,'All Simpanan '!C:C,'Simpanan Wajib'!E:E) -> 0 | F405: =SUMIF('Simpanan Pokok'!C:C,'All Simpanan '!C:C,'Simpanan Pokok'!E:E) -> 0 | G405: =SUMIF('Simpanan Khusus'!C:C,'All Simpanan '!C:C,'Simpanan Khusus'!E:E) -> 0 | H405: =SUMIF('Simpanan Sukarela'!C:C,'All Simpanan '!C:C,'Simpanan Sukarela'!E:E) -> 0 | I405: =SUMIF('Simpanan Sukarela Berjangka'!B:B,'All Simpanan '!C:C,'Simpanan Sukarela Berjangka'!K:K) -> 0 | J405: =SUM(E405:I405) -> 0 | K405: PASIF
A406: 404 | B406: 000651 | C406: Angga Santoso | E406: =SUMIF('Simpanan Wajib'!C:C,'All Simpanan '!C:C,'Simpanan Wajib'!E:E) -> 250000 | F406: =SUMIF('Simpanan Pokok'!C:C,'All Simpanan '!C:C,'Simpanan Pokok'!E:E) -> 0 | G406: =SUMIF('Simpanan Khusus'!C:C,'All Simpanan '!C:C,'Simpanan Khusus'!E:E) -> 0 | H406: =SUMIF('Simpanan Sukarela'!C:C,'All Simpanan '!C:C,'Simpanan Sukarela'!E:E) -> 10258 | I406: =SUMIF('Simpanan Sukarela Berjangka'!B:B,'All Simpanan '!C:C,'Simpanan Sukarela Berjangka'!K:K) -> 0 | J406: =SUM(E406:I406) -> 260258 | K406: PASIF
A407: 405 | B407: 000652 | C407: Angga Yustiawan, ST. | D407: BM | E407: =SUMIF('Simpanan Wajib'!C:C,'All Simpanan '!C:C,'Simpanan Wajib'!E:E) -> 0 | F407: =SUMIF('Simpanan Pokok'!C:C,'All Simpanan '!C:C,'Simpanan Pokok'!E:E) -> 0 | G407: =SUMIF('Simpanan Khusus'!C:C,'All Simpanan '!C:C,'Simpanan Khusus'!E:E) -> 0 | H407: =SUMIF('Simpanan Sukarela'!C:C,'All Simpanan '!C:C,'Simpanan Sukarela'!E:E) -> 0 | I407: =SUMIF('Simpanan Sukarela Berjangka'!B:B,'All Simpanan '!C:C,'Simpanan Sukarela Berjangka'!K:K) -> 0 | J407: =SUM(E407:I407) -> 0 | K407: PASIF
A408: 406 | B408: 000653 | C408: Angjuang Adi Panju P. , ST. | D408: R&P | E408: =SUMIF('Simpanan Wajib'!C:C,'All Simpanan '!C:C,'Simpanan Wajib'!E:E) -> 0 | F408: =SUMIF('Simpanan Pokok'!C:C,'All Simpanan '!C:C,'Simpanan Pokok'!E:E) -> 0 | G408: =SUMIF('Simpanan Khusus'!C:C,'All Simpanan '!C:C,'Simpanan Khusus'!E:E) -> 0 | H408: =SUMIF('Simpanan Sukarela'!C:C,'All Simpanan '!C:C,'Simpanan Sukarela'!E:E) -> 0 | I408: =SUMIF('Simpanan Sukarela Berjangka'!B:B,'All Simpanan '!C:C,'Simpanan Sukarela Berjangka'!K:K) -> 0 | J408: =SUM(E408:I408) -> 0 | K408: BUKAN ANGGOTA
A409: 407 | B409: 000655 | C409: Bambang Tri Nugroho | D409: BJC | E409: =SUMIF('Simpanan Wajib'!C:C,'All Simpanan '!C:C,'Simpanan Wajib'!E:E) -> 11395000 | F409: =SUMIF('Simpanan Pokok'!C:C,'All Simpanan '!C:C,'Simpanan Pokok'!E:E) -> 5000 | G409: =SUMIF('Simpanan Khusus'!C:C,'All Simpanan '!C:C,'Simpanan Khusus'!E:E) -> 0 | H409: =SUMIF('Simpanan Sukarela'!C:C,'All Simpanan '!C:C,'Simpanan Sukarela'!E:E) -> 2421596 | I409: =SUMIF('Simpanan Sukarela Berjangka'!B:B,'All Simpanan '!C:C,'Simpanan Sukarela Berjangka'!K:K) -> 0 | J409: =SUM(E409:I409) -> 13821596 | K409: AKTIF
A410: 408 | B410: 000656 | C410: Bayu Mahardika W, ST. | D410: DOK | E410: =SUMIF('Simpanan Wajib'!C:C,'All Simpanan '!C:C,'Simpanan Wajib'!E:E) -> 0 | F410: =SUMIF('Simpanan Pokok'!C:C,'All Simpanan '!C:C,'Simpanan Pokok'!E:E) -> 0 | G410: =SUMIF('Simpanan Khusus'!C:C,'All Simpanan '!C:C,'Simpanan Khusus'!E:E) -> 0 | H410: =SUMIF('Simpanan Sukarela'!C:C,'All Simpanan '!C:C,'Simpanan Sukarela'!E:E) -> 0 | I410: =SUMIF('Simpanan Sukarela Berjangka'!B:B,'All Simpanan '!C:C,'Simpanan Sukarela Berjangka'!K:K) -> 0 | J410: =SUM(E410:I410) -> 0 | K410: AKTIF
A411: 409 | B411: 000658 | C411: Bobby A. Novrianto | D411: ACD | E411: =SUMIF('Simpanan Wajib'!C:C,'All Simpanan '!C:C,'Simpanan Wajib'!E:E) -> 0 | F411: =SUMIF('Simpanan Pokok'!C:C,'All Simpanan '!C:C,'Simpanan Pokok'!E:E) -> 0 | G411: =SUMIF('Simpanan Khusus'!C:C,'All Simpanan '!C:C,'Simpanan Khusus'!E:E) -> 0 | H411: =SUMIF('Simpanan Sukarela'!C:C,'All Simpanan '!C:C,'Simpanan Sukarela'!E:E) -> 0 | I411: =SUMIF('Simpanan Sukarela Berjangka'!B:B,'All Simpanan '!C:C,'Simpanan Sukarela Berjangka'!K:K) -> 0 | J411: =SUM(E411:I411) -> 0 | K411: AKTIF
A412: 410 | B412: 000660 | C412: Budi Fitriawan, ST. | D412: PKK | E412: =SUMIF('Simpanan Wajib'!C:C,'All Simpanan '!C:C,'Simpanan Wajib'!E:E) -> 0 | F412: =SUMIF('Simpanan Pokok'!C:C,'All Simpanan '!C:C,'Simpanan Pokok'!E:E) -> 0 | G412: =SUMIF('Simpanan Khusus'!C:C,'All Simpanan '!C:C,'Simpanan Khusus'!E:E) -> 0 | H412: =SUMIF('Simpanan Sukarela'!C:C,'All Simpanan '!C:C,'Simpanan Sukarela'!E:E) -> 0 | I412: =SUMIF('Simpanan Sukarela Berjangka'!B:B,'All Simpanan '!C:C,'Simpanan Sukarela Berjangka'!K:K) -> 0 | J412: =SUM(E412:I412) -> 0 | K412: AKTIF
A413: 411 | B413: 000661 | C413: Budiwansyah | D413: PBC | E413: =SUMIF('Simpanan Wajib'!C:C,'All Simpanan '!C:C,'Simpanan Wajib'!E:E) -> 250000 | F413: =SUMIF('Simpanan Pokok'!C:C,'All Simpanan '!C:C,'Simpanan Pokok'!E:E) -> 0 | G413: =SUMIF('Simpanan Khusus'!C:C,'All Simpanan '!C:C,'Simpanan Khusus'!E:E) -> 0 | H413: =SUMIF('Simpanan Sukarela'!C:C,'All Simpanan '!C:C,'Simpanan Sukarela'!E:E) -> 751324 | I413: =SUMIF('Simpanan Sukarela Berjangka'!B:B,'All Simpanan '!C:C,'Simpanan Sukarela Berjangka'!K:K) -> 0 | J413: =SUM(E413:I413) -> 1001324 | K413: PASIF
A414: 412 | B414: 000662 | C414: Busrol | D414: ISPB | E414: =SUMIF('Simpanan Wajib'!C:C,'All Simpanan '!C:C,'Simpanan Wajib'!E:E) -> 0 | F414: =SUMIF('Simpanan Pokok'!C:C,'All Simpanan '!C:C,'Simpanan Pokok'!E:E) -> 0 | G414: =SUMIF('Simpanan Khusus'!C:C,'All Simpanan '!C:C,'Simpanan Khusus'!E:E) -> 0 | H414: =SUMIF('Simpanan Sukarela'!C:C,'All Simpanan '!C:C,'Simpanan Sukarela'!E:E) -> 0 | I414: =SUMIF('Simpanan Sukarela Berjangka'!B:B,'All Simpanan '!C:C,'Simpanan Sukarela Berjangka'!K:K) -> 0 | J414: =SUM(E414:I414) -> 0 | K414: AKTIF
A415: 413 | B415: 000663 | C415: Donny Putra Santika | D415: CG | E415: =SUMIF('Simpanan Wajib'!C:C,'All Simpanan '!C:C,'Simpanan Wajib'!E:E) -> 1970000 | F415: =SUMIF('Simpanan Pokok'!C:C,'All Simpanan '!C:C,'Simpanan Pokok'!E:E) -> 5000 | G415: =SUMIF('Simpanan Khusus'!C:C,'All Simpanan '!C:C,'Simpanan Khusus'!E:E) -> 0 | H415: =SUMIF('Simpanan Sukarela'!C:C,'All Simpanan '!C:C,'Simpanan Sukarela'!E:E) -> 1237384.1 | I415: =SUMIF('Simpanan Sukarela Berjangka'!B:B,'All Simpanan '!C:C,'Simpanan Sukarela Berjangka'!K:K) -> 0 | J415: =SUM(E415:I415) -> 3212384.1 | K415: PASIF
A416: 414 | B416: 000664 | C416: Eko Maja Priyanto, ST. | D416: SBU MNO | E416: =SUMIF('Simpanan Wajib'!C:C,'All Simpanan '!C:C,'Simpanan Wajib'!E:E) -> 0 | F416: =SUMIF('Simpanan Pokok'!C:C,'All Simpanan '!C:C,'Simpanan Pokok'!E:E) -> 0 | G416: =SUMIF('Simpanan Khusus'!C:C,'All Simpanan '!C:C,'Simpanan Khusus'!E:E) -> 0 | H416: =SUMIF('Simpanan Sukarela'!C:C,'All Simpanan '!C:C,'Simpanan Sukarela'!E:E) -> 0 | I416: =SUMIF('Simpanan Sukarela Berjangka'!B:B,'All Simpanan '!C:C,'Simpanan Sukarela Berjangka'!K:K) -> 0 | J416: =SUM(E416:I416) -> 0 | K416: PASIF
A417: 415 | B417: 000665 | C417: Fachruddin, ST. | D417: PRB | E417: =SUMIF('Simpanan Wajib'!C:C,'All Simpanan '!C:C,'Simpanan Wajib'!E:E) -> 0 | F417: =SUMIF('Simpanan Pokok'!C:C,'All Simpanan '!C:C,'Simpanan Pokok'!E:E) -> 0 | G417: =SUMIF('Simpanan Khusus'!C:C,'All Simpanan '!C:C,'Simpanan Khusus'!E:E) -> 0 | H417: =SUMIF('Simpanan Sukarela'!C:C,'All Simpanan '!C:C,'Simpanan Sukarela'!E:E) -> 0 | I417: =SUMIF('Simpanan Sukarela Berjangka'!B:B,'All Simpanan '!C:C,'Simpanan Sukarela Berjangka'!K:K) -> 0 | J417: =SUM(E417:I417) -> 0 | K417: AKTIF
A418: 416 | B418: 000666 | C418: Fachruddin Nur, ST. | D418: R&P | E418: =SUMIF('Simpanan Wajib'!C:C,'All Simpanan '!C:C,'Simpanan Wajib'!E:E) -> 0 | F418: =SUMIF('Simpanan Pokok'!C:C,'All Simpanan '!C:C,'Simpanan Pokok'!E:E) -> 0 | G418: =SUMIF('Simpanan Khusus'!C:C,'All Simpanan '!C:C,'Simpanan Khusus'!E:E) -> 0 | H418: =SUMIF('Simpanan Sukarela'!C:C,'All Simpanan '!C:C,'Simpanan Sukarela'!E:E) -> 0 | I418: =SUMIF('Simpanan Sukarela Berjangka'!B:B,'All Simpanan '!C:C,'Simpanan Sukarela Berjangka'!K:K) -> 0 | J418: =SUM(E418:I418) -> 0 | K418: PASIF
... A420: 418 | B420: 000669 | C420: Hendra, ST, | D420: BM | E420: =SUMIF('Simpanan Wajib'!C:C,'All Simpanan '!C:C,'Simpanan Wajib'!E:E) -> 0 | F420: =SUMIF('Simpanan Pokok'!C:C,'All Simpanan '!C:C,'Simpanan Pokok'!E:E) -> 0 | G420: =SUMIF('Simpanan Khusus'!C:C,'All Simpanan '!C:C,'Simpanan Khusus'!E:E) -> 0 | H420: =SUMIF('Simpanan Sukarela'!C:C,'All Simpanan '!C:C,'Simpanan Sukarela'!E:E) -> 0 | I420: =SUMIF('Simpanan Sukarela Berjangka'!B:B,'All Simpanan '!C:C,'Simpanan Sukarela Berjangka'!K:K) -> 0 | J420: =SUM(E420:I420) -> 0 | K420: PASIF
A421: 419 | B421: 000671 | C421: Hendra Saputra | E421: =SUMIF('Simpanan Wajib'!C:C,'All Simpanan '!C:C,'Simpanan Wajib'!E:E) -> 0 | F421: =SUMIF('Simpanan Pokok'!C:C,'All Simpanan '!C:C,'Simpanan Pokok'!E:E) -> 0 | G421: =SUMIF('Simpanan Khusus'!C:C,'All Simpanan '!C:C,'Simpanan Khusus'!E:E) -> 0 | H421: =SUMIF('Simpanan Sukarela'!C:C,'All Simpanan '!C:C,'Simpanan Sukarela'!E:E) -> 50040 | I421: =SUMIF('Simpanan Sukarela Berjangka'!B:B,'All Simpanan '!C:C,'Simpanan Sukarela Berjangka'!K:K) -> 0 | J421: =SUM(E421:I421) -> 50040 | K421: PASIF
A422: 420 | B422: 000672 | C422: I Gusti Ngurah Wira P, ST. | D422: PR | E422: =SUMIF('Simpanan Wajib'!C:C,'All Simpanan '!C:C,'Simpanan Wajib'!E:E) -> 0 | F422: =SUMIF('Simpanan Pokok'!C:C,'All Simpanan '!C:C,'Simpanan Pokok'!E:E) -> 0 | G422: =SUMIF('Simpanan Khusus'!C:C,'All Simpanan '!C:C,'Simpanan Khusus'!E:E) -> 0 | H422: =SUMIF('Simpanan Sukarela'!C:C,'All Simpanan '!C:C,'Simpanan Sukarela'!E:E) -> 0 | I422: =SUMIF('Simpanan Sukarela Berjangka'!B:B,'All Simpanan '!C:C,'Simpanan Sukarela Berjangka'!K:K) -> 0 | J422: =SUM(E422:I422) -> 0 | K422: PASIF
A423: 421 | B423: 000676 | C423: Indra Mariska Amd. | D423: PBC | E423: =SUMIF('Simpanan Wajib'!C:C,'All Simpanan '!C:C,'Simpanan Wajib'!E:E) -> 0 | F423: =SUMIF('Simpanan Pokok'!C:C,'All Simpanan '!C:C,'Simpanan Pokok'!E:E) -> 0 | G423: =SUMIF('Simpanan Khusus'!C:C,'All Simpanan '!C:C,'Simpanan Khusus'!E:E) -> 0 | H423: =SUMIF('Simpanan Sukarela'!C:C,'All Simpanan '!C:C,'Simpanan Sukarela'!E:E) -> 0 | I423: =SUMIF('Simpanan Sukarela Berjangka'!B:B,'All Simpanan '!C:C,'Simpanan Sukarela Berjangka'!K:K) -> 0 | J423: =SUM(E423:I423) -> 0 | K423: PASIF
A424: 422 | B424: 000679 | C424: Kartika Kushendra, Dr. | D424: MNO | E424: =SUMIF('Simpanan Wajib'!C:C,'All Simpanan '!C:C,'Simpanan Wajib'!E:E) -> 0 | F424: =SUMIF('Simpanan Pokok'!C:C,'All Simpanan '!C:C,'Simpanan Pokok'!E:E) -> 0 | G424: =SUMIF('Simpanan Khusus'!C:C,'All Simpanan '!C:C,'Simpanan Khusus'!E:E) -> 0 | H424: =SUMIF('Simpanan Sukarela'!C:C,'All Simpanan '!C:C,'Simpanan Sukarela'!E:E) -> 0 | I424: =SUMIF('Simpanan Sukarela Berjangka'!B:B,'All Simpanan '!C:C,'Simpanan Sukarela Berjangka'!K:K) -> 0 | J424: =SUM(E424:I424) -> 0 | K424: AKTIF
A425: 423 | B425: 000680 | C425: Khairul Akbar ST. | D425: PBC | E425: =SUMIF('Simpanan Wajib'!C:C,'All Simpanan '!C:C,'Simpanan Wajib'!E:E) -> 0 | F425: =SUMIF('Simpanan Pokok'!C:C,'All Simpanan '!C:C,'Simpanan Pokok'!E:E) -> 0 | G425: =SUMIF('Simpanan Khusus'!C:C,'All Simpanan '!C:C,'Simpanan Khusus'!E:E) -> 0 | H425: =SUMIF('Simpanan Sukarela'!C:C,'All Simpanan '!C:C,'Simpanan Sukarela'!E:E) -> 0 | I425: =SUMIF('Simpanan Sukarela Berjangka'!B:B,'All Simpanan '!C:C,'Simpanan Sukarela Berjangka'!K:K) -> 0 | J425: =SUM(E425:I425) -> 0 | K425: AKTIF
A426: 424 | B426: 000681 | C426: LA Ode Abdul Rahman F, ST. | D426: SD | E426: =SUMIF('Simpanan Wajib'!C:C,'All Simpanan '!C:C,'Simpanan Wajib'!E:E) -> 0 | F426: =SUMIF('Simpanan Pokok'!C:C,'All Simpanan '!C:C,'Simpanan Pokok'!E:E) -> 0 | G426: =SUMIF('Simpanan Khusus'!C:C,'All Simpanan '!C:C,'Simpanan Khusus'!E:E) -> 0 | H426: =SUMIF('Simpanan Sukarela'!C:C,'All Simpanan '!C:C,'Simpanan Sukarela'!E:E) -> 0 | I426: =SUMIF('Simpanan Sukarela Berjangka'!B:B,'All Simpanan '!C:C,'Simpanan Sukarela Berjangka'!K:K) -> 0 | J426: =SUM(E426:I426) -> 0 | K426: AKTIF
A427: 425 | B427: 000683 | C427: M. Yudi Oktavianto, ST. | D427: RP | E427: =SUMIF('Simpanan Wajib'!C:C,'All Simpanan '!C:C,'Simpanan Wajib'!E:E) -> 0 | F427: =SUMIF('Simpanan Pokok'!C:C,'All Simpanan '!C:C,'Simpanan Pokok'!E:E) -> 0 | G427: =SUMIF('Simpanan Khusus'!C:C,'All Simpanan '!C:C,'Simpanan Khusus'!E:E) -> 0 | H427: =SUMIF('Simpanan Sukarela'!C:C,'All Simpanan '!C:C,'Simpanan Sukarela'!E:E) -> 0 | I427: =SUMIF('Simpanan Sukarela Berjangka'!B:B,'All Simpanan '!C:C,'Simpanan Sukarela Berjangka'!K:K) -> 0 | J427: =SUM(E427:I427) -> 0 | K427: AKTIF
A428: 426 | B428: 000684 | C428: Mahesa Saga, ST. | D428: SB | E428: =SUMIF('Simpanan Wajib'!C:C,'All Simpanan '!C:C,'Simpanan Wajib'!E:E) -> 0 | F428: =SUMIF('Simpanan Pokok'!C:C,'All Simpanan '!C:C,'Simpanan Pokok'!E:E) -> 0 | G428: =SUMIF('Simpanan Khusus'!C:C,'All Simpanan '!C:C,'Simpanan Khusus'!E:E) -> 0 | H428: =SUMIF('Simpanan Sukarela'!C:C,'All Simpanan '!C:C,'Simpanan Sukarela'!E:E) -> 0 | I428: =SUMIF('Simpanan Sukarela Berjangka'!B:B,'All Simpanan '!C:C,'Simpanan Sukarela Berjangka'!K:K) -> 0 | J428: =SUM(E428:I428) -> 0 | K428: AKTIF
A429: 427 | B429: 000685 | C429: Muh. Asqar, ST. | D429: MKS | E429: =SUMIF('Simpanan Wajib'!C:C,'All Simpanan '!C:C,'Simpanan Wajib'!E:E) -> 0 | F429: =SUMIF('Simpanan Pokok'!C:C,'All Simpanan '!C:C,'Simpanan Pokok'!E:E) -> 0 | G429: =SUMIF('Simpanan Khusus'!C:C,'All Simpanan '!C:C,'Simpanan Khusus'!E:E) -> 0 | H429: =SUMIF('Simpanan Sukarela'!C:C,'All Simpanan '!C:C,'Simpanan Sukarela'!E:E) -> 0 | I429: =SUMIF('Simpanan Sukarela Berjangka'!B:B,'All Simpanan '!C:C,'Simpanan Sukarela Berjangka'!K:K) -> 0 | J429: =SUM(E429:I429) -> 0 | K429: AKTIF
A430: 428 | B430: 000686 | C430: Muhammad Irfan, ST. | D430: R&P | E430: =SUMIF('Simpanan Wajib'!C:C,'All Simpanan '!C:C,'Simpanan Wajib'!E:E) -> 0 | F430: =SUMIF('Simpanan Pokok'!C:C,'All Simpanan '!C:C,'Simpanan Pokok'!E:E) -> 0 | G430: =SUMIF('Simpanan Khusus'!C:C,'All Simpanan '!C:C,'Simpanan Khusus'!E:E) -> 0 | H430: =SUMIF('Simpanan Sukarela'!C:C,'All Simpanan '!C:C,'Simpanan Sukarela'!E:E) -> 0 | I430: =SUMIF('Simpanan Sukarela Berjangka'!B:B,'All Simpanan '!C:C,'Simpanan Sukarela Berjangka'!K:K) -> 0 | J430: =SUM(E430:I430) -> 0 | K430: PASIF
A431: 429 | B431: 000689 | C431: Neni Yuniarti | D431: AKP | E431: =SUMIF('Simpanan Wajib'!C:C,'All Simpanan '!C:C,'Simpanan Wajib'!E:E) -> 0 | F431: =SUMIF('Simpanan Pokok'!C:C,'All Simpanan '!C:C,'Simpanan Pokok'!E:E) -> 0 | G431: =SUMIF('Simpanan Khusus'!C:C,'All Simpanan '!C:C,'Simpanan Khusus'!E:E) -> 0 | H431: =SUMIF('Simpanan Sukarela'!C:C,'All Simpanan '!C:C,'Simpanan Sukarela'!E:E) -> 0 | I431: =SUMIF('Simpanan Sukarela Berjangka'!B:B,'All Simpanan '!C:C,'Simpanan Sukarela Berjangka'!K:K) -> 0 | J431: =SUM(E431:I431) -> 0 | K431: AKTIF
A432: 430 | B432: 000690 | C432: Nevi Eko Yuliananto, ST. | D432: PRB | E432: =SUMIF('Simpanan Wajib'!C:C,'All Simpanan '!C:C,'Simpanan Wajib'!E:E) -> 0 | F432: =SUMIF('Simpanan Pokok'!C:C,'All Simpanan '!C:C,'Simpanan Pokok'!E:E) -> 0 | G432: =SUMIF('Simpanan Khusus'!C:C,'All Simpanan '!C:C,'Simpanan Khusus'!E:E) -> 0 | H432: =SUMIF('Simpanan Sukarela'!C:C,'All Simpanan '!C:C,'Simpanan Sukarela'!E:E) -> 0 | I432: =SUMIF('Simpanan Sukarela Berjangka'!B:B,'All Simpanan '!C:C,'Simpanan Sukarela Berjangka'!K:K) -> 0 | J432: =SUM(E432:I432) -> 0 | K432: AKTIF
A433: 431 | B433: 000691 | C433: Noah Cahyasasnita, ST. | D433: SR | E433: =SUMIF('Simpanan Wajib'!C:C,'All Simpanan '!C:C,'Simpanan Wajib'!E:E) -> 0 | F433: =SUMIF('Simpanan Pokok'!C:C,'All Simpanan '!C:C,'Simpanan Pokok'!E:E) -> 0 | G433: =SUMIF('Simpanan Khusus'!C:C,'All Simpanan '!C:C,'Simpanan Khusus'!E:E) -> 0 | H433: =SUMIF('Simpanan Sukarela'!C:C,'All Simpanan '!C:C,'Simpanan Sukarela'!E:E) -> 0 | I433: =SUMIF('Simpanan Sukarela Berjangka'!B:B,'All Simpanan '!C:C,'Simpanan Sukarela Berjangka'!K:K) -> 0 | J433: =SUM(E433:I433) -> 0 | K433: AKTIF
... A670: 668 | B670: 001018 | C670: Zul Fajrin Azdin | D670: BT | E670: =SUMIF('Simpanan Wajib'!C:C,'All Simpanan '!C:C,'Simpanan Wajib'!E:E) -> 11100000 | F670: =SUMIF('Simpanan Pokok'!C:C,'All Simpanan '!C:C,'Simpanan Pokok'!E:E) -> 0 | G670: =SUMIF('Simpanan Khusus'!C:C,'All Simpanan '!C:C,'Simpanan Khusus'!E:E) -> 0 | H670: =SUMIF('Simpanan Sukarela'!C:C,'All Simpanan '!C:C,'Simpanan Sukarela'!E:E) -> 667101.35 | I670: =SUMIF('Simpanan Sukarela Berjangka'!B:B,'All Simpanan '!C:C,'Simpanan Sukarela Berjangka'!K:K) -> 0 | J670: =SUM(E670:I670) -> 11767101 | K670: AKTIF
A671: 669 | B671: 001019 | C671: Yusriadi | E671: =SUMIF('Simpanan Wajib'!C:C,'All Simpanan '!C:C,'Simpanan Wajib'!E:E) -> 100000 | F671: =SUMIF('Simpanan Pokok'!C:C,'All Simpanan '!C:C,'Simpanan Pokok'!E:E) -> 0 | G671: =SUMIF('Simpanan Khusus'!C:C,'All Simpanan '!C:C,'Simpanan Khusus'!E:E) -> 0 | H671: =SUMIF('Simpanan Sukarela'!C:C,'All Simpanan '!C:C,'Simpanan Sukarela'!E:E) -> 10343.25 | I671: =SUMIF('Simpanan Sukarela Berjangka'!B:B,'All Simpanan '!C:C,'Simpanan Sukarela Berjangka'!K:K) -> 0 | J671: =SUM(E671:I671) -> 110343.25 | K671: PASIF
A672: 670 | B672: 001020 | C672: Bandung Pardede | D672: DIREKSI | E672: =SUMIF('Simpanan Wajib'!C:C,'All Simpanan '!C:C,'Simpanan Wajib'!E:E) -> 0 | F672: =SUMIF('Simpanan Pokok'!C:C,'All Simpanan '!C:C,'Simpanan Pokok'!E:E) -> 0 | G672: =SUMIF('Simpanan Khusus'!C:C,'All Simpanan '!C:C,'Simpanan Khusus'!E:E) -> 0 | H672: =SUMIF('Simpanan Sukarela'!C:C,'All Simpanan '!C:C,'Simpanan Sukarela'!E:E) -> 0 | I672: =SUMIF('Simpanan Sukarela Berjangka'!B:B,'All Simpanan '!C:C,'Simpanan Sukarela Berjangka'!K:K) -> 0 | J672: =SUM(E672:I672) -> 0 | K672: BUKAN ANGGOTA
A673: 671 | B673: 001021 | C673: Dimas Putra Prasetyo | D673: SBU ENI | E673: =SUMIF('Simpanan Wajib'!C:C,'All Simpanan '!C:C,'Simpanan Wajib'!E:E) -> 7100000 | F673: =SUMIF('Simpanan Pokok'!C:C,'All Simpanan '!C:C,'Simpanan Pokok'!E:E) -> 200000 | G673: =SUMIF('Simpanan Khusus'!C:C,'All Simpanan '!C:C,'Simpanan Khusus'!E:E) -> 1250000 | H673: =SUMIF('Simpanan Sukarela'!C:C,'All Simpanan '!C:C,'Simpanan Sukarela'!E:E) -> 486745.71 | I673: =SUMIF('Simpanan Sukarela Berjangka'!B:B,'All Simpanan '!C:C,'Simpanan Sukarela Berjangka'!K:K) -> 0 | J673: =SUM(E673:I673) -> 9036745.7 | K673: AKTIF
A674: 672 | B674: 001022 | C674: Desi Annike Putri | D674: PHP | E674: =SUMIF('Simpanan Wajib'!C:C,'All Simpanan '!C:C,'Simpanan Wajib'!E:E) -> 100000 | F674: =SUMIF('Simpanan Pokok'!C:C,'All Simpanan '!C:C,'Simpanan Pokok'!E:E) -> 0 | G674: =SUMIF('Simpanan Khusus'!C:C,'All Simpanan '!C:C,'Simpanan Khusus'!E:E) -> 0 | H674: =SUMIF('Simpanan Sukarela'!C:C,'All Simpanan '!C:C,'Simpanan Sukarela'!E:E) -> 72873 | I674: =SUMIF('Simpanan Sukarela Berjangka'!B:B,'All Simpanan '!C:C,'Simpanan Sukarela Berjangka'!K:K) -> 0 | J674: =SUM(E674:I674) -> 172873 | K674: PASIF
A675: 673 | B675: 001023 | C675: Lulu Ufikal Azmi | D675: SEKPER | E675: =SUMIF('Simpanan Wajib'!C:C,'All Simpanan '!C:C,'Simpanan Wajib'!E:E) -> 4900000 | F675: =SUMIF('Simpanan Pokok'!C:C,'All Simpanan '!C:C,'Simpanan Pokok'!E:E) -> 0 | G675: =SUMIF('Simpanan Khusus'!C:C,'All Simpanan '!C:C,'Simpanan Khusus'!E:E) -> 0 | H675: =SUMIF('Simpanan Sukarela'!C:C,'All Simpanan '!C:C,'Simpanan Sukarela'!E:E) -> 316375.82 | I675: =SUMIF('Simpanan Sukarela Berjangka'!B:B,'All Simpanan '!C:C,'Simpanan Sukarela Berjangka'!K:K) -> 0 | J675: =SUM(E675:I675) -> 5216375.8 | K675: AKTIF
A676: 674 | B676: 001024 | C676: Rian Eka Saputra | D676: PU | E676: =SUMIF('Simpanan Wajib'!C:C,'All Simpanan '!C:C,'Simpanan Wajib'!E:E) -> 6600000 | F676: =SUMIF('Simpanan Pokok'!C:C,'All Simpanan '!C:C,'Simpanan Pokok'!E:E) -> 0 | G676: =SUMIF('Simpanan Khusus'!C:C,'All Simpanan '!C:C,'Simpanan Khusus'!E:E) -> 0 | H676: =SUMIF('Simpanan Sukarela'!C:C,'All Simpanan '!C:C,'Simpanan Sukarela'!E:E) -> 323078.83 | I676: =SUMIF('Simpanan Sukarela Berjangka'!B:B,'All Simpanan '!C:C,'Simpanan Sukarela Berjangka'!K:K) -> 0 | J676: =SUM(E676:I676) -> 6923078.8 | K676: AKTIF
A677: 675 | B677: 001026 | C677: Megawati Rosalio Putri | D677: PKO | E677: =SUMIF('Simpanan Wajib'!C:C,'All Simpanan '!C:C,'Simpanan Wajib'!E:E) -> 9300000 | F677: =SUMIF('Simpanan Pokok'!C:C,'All Simpanan '!C:C,'Simpanan Pokok'!E:E) -> 0 | G677: =SUMIF('Simpanan Khusus'!C:C,'All Simpanan '!C:C,'Simpanan Khusus'!E:E) -> 750000 | H677: =SUMIF('Simpanan Sukarela'!C:C,'All Simpanan '!C:C,'Simpanan Sukarela'!E:E) -> 404293.97 | I677: =SUMIF('Simpanan Sukarela Berjangka'!B:B,'All Simpanan '!C:C,'Simpanan Sukarela Berjangka'!K:K) -> 0 | J677: =SUM(E677:I677) -> 10454294 | K677: AKTIF
A678: 676 | B678: 001027 | C678: Henky Viedian Santoso | D678: SBU ENI | E678: =SUMIF('Simpanan Wajib'!C:C,'All Simpanan '!C:C,'Simpanan Wajib'!E:E) -> 0 | F678: =SUMIF('Simpanan Pokok'!C:C,'All Simpanan '!C:C,'Simpanan Pokok'!E:E) -> 200000 | G678: =SUMIF('Simpanan Khusus'!C:C,'All Simpanan '!C:C,'Simpanan Khusus'!E:E) -> 0 | H678: =SUMIF('Simpanan Sukarela'!C:C,'All Simpanan '!C:C,'Simpanan Sukarela'!E:E) -> 0 | I678: =SUMIF('Simpanan Sukarela Berjangka'!B:B,'All Simpanan '!C:C,'Simpanan Sukarela Berjangka'!K:K) -> 0 | J678: =SUM(E678:I678) -> 200000 | K678: BUKAN ANGGOTA
A679: 677 | B679: 001028 | C679: Sudarman / Budi | D679: KOP | E679: =SUMIF('Simpanan Wajib'!C:C,'All Simpanan '!C:C,'Simpanan Wajib'!E:E) -> 0 | F679: =SUMIF('Simpanan Pokok'!C:C,'All Simpanan '!C:C,'Simpanan Pokok'!E:E) -> 0 | G679: =SUMIF('Simpanan Khusus'!C:C,'All Simpanan '!C:C,'Simpanan Khusus'!E:E) -> 0 | H679: =SUMIF('Simpanan Sukarela'!C:C,'All Simpanan '!C:C,'Simpanan Sukarela'!E:E) -> 0 | I679: =SUMIF('Simpanan Sukarela Berjangka'!B:B,'All Simpanan '!C:C,'Simpanan Sukarela Berjangka'!K:K) -> 0 | J679: =SUM(E679:I679) -> 0 | K679: AKTIF
A680: 678 | B680: 001029 | C680: Shaidatun Rohmah | D680: KOP | E680: =SUMIF('Simpanan Wajib'!C:C,'All Simpanan '!C:C,'Simpanan Wajib'!E:E) -> 6000000 | F680: =SUMIF('Simpanan Pokok'!C:C,'All Simpanan '!C:C,'Simpanan Pokok'!E:E) -> 0 | G680: =SUMIF('Simpanan Khusus'!C:C,'All Simpanan '!C:C,'Simpanan Khusus'!E:E) -> 0 | H680: =SUMIF('Simpanan Sukarela'!C:C,'All Simpanan '!C:C,'Simpanan Sukarela'!E:E) -> 218980.54 | I680: =SUMIF('Simpanan Sukarela Berjangka'!B:B,'All Simpanan '!C:C,'Simpanan Sukarela Berjangka'!K:K) -> 0 | J680: =SUM(E680:I680) -> 6218980.5 | K680: AKTIF
A681: 679 | B681: 001030 | C681: Irawan Wijayanto | D681: SBU ENI | E681: =SUMIF('Simpanan Wajib'!C:C,'All Simpanan '!C:C,'Simpanan Wajib'!E:E) -> 0 | F681: =SUMIF('Simpanan Pokok'!C:C,'All Simpanan '!C:C,'Simpanan Pokok'!E:E) -> 0 | G681: =SUMIF('Simpanan Khusus'!C:C,'All Simpanan '!C:C,'Simpanan Khusus'!E:E) -> 0 | H681: =SUMIF('Simpanan Sukarela'!C:C,'All Simpanan '!C:C,'Simpanan Sukarela'!E:E) -> 71658.764 | I681: =SUMIF('Simpanan Sukarela Berjangka'!B:B,'All Simpanan '!C:C,'Simpanan Sukarela Berjangka'!K:K) -> 0 | J681: =SUM(E681:I681) -> 71658.764 | K681: BUKAN ANGGOTA
A682: 680 | B682: 001031 | C682: Dicky Aldoko | D682: TI | E682: =SUMIF('Simpanan Wajib'!C:C,'All Simpanan '!C:C,'Simpanan Wajib'!E:E) -> 9300000 | F682: =SUMIF('Simpanan Pokok'!C:C,'All Simpanan '!C:C,'Simpanan Pokok'!E:E) -> 0 | G682: =SUMIF('Simpanan Khusus'!C:C,'All Simpanan '!C:C,'Simpanan Khusus'!E:E) -> 0 | H682: =SUMIF('Simpanan Sukarela'!C:C,'All Simpanan '!C:C,'Simpanan Sukarela'!E:E) -> 375098.23 | I682: =SUMIF('Simpanan Sukarela Berjangka'!B:B,'All Simpanan '!C:C,'Simpanan Sukarela Berjangka'!K:K) -> 0 | J682: =SUM(E682:I682) -> 9675098.2 | K682: AKTIF
A683: 681 | B683: 001032 | C683: Annisyah Fazrin | D683: PUMA | E683: =SUMIF('Simpanan Wajib'!C:C,'All Simpanan '!C:C,'Simpanan Wajib'!E:E) -> 9300000 | F683: =SUMIF('Simpanan Pokok'!C:C,'All Simpanan '!C:C,'Simpanan Pokok'!E:E) -> 0 | G683: =SUMIF('Simpanan Khusus'!C:C,'All Simpanan '!C:C,'Simpanan Khusus'!E:E) -> 0 | H683: =SUMIF('Simpanan Sukarela'!C:C,'All Simpanan '!C:C,'Simpanan Sukarela'!E:E) -> 375098.23 | I683: =SUMIF('Simpanan Sukarela Berjangka'!B:B,'All Simpanan '!C:C,'Simpanan Sukarela Berjangka'!K:K) -> 2.6e+08 | J683: =SUM(E683:I683) -> 2.696751e+08 | K683: AKTIF
... A699: 697 | B699: 001048 | C699: Muhammad Rio | D699: SBU ENI | E699: =SUMIF('Simpanan Wajib'!C:C,'All Simpanan '!C:C,'Simpanan Wajib'!E:E) -> 5700000 | F699: =SUMIF('Simpanan Pokok'!C:C,'All Simpanan '!C:C,'Simpanan Pokok'!E:E) -> 200000 | G699: =SUMIF('Simpanan Khusus'!C:C,'All Simpanan '!C:C,'Simpanan Khusus'!E:E) -> 400000 | H699: =SUMIF('Simpanan Sukarela'!C:C,'All Simpanan '!C:C,'Simpanan Sukarela'!E:E) -> 225023.21 | I699: =SUMIF('Simpanan Sukarela Berjangka'!B:B,'All Simpanan '!C:C,'Simpanan Sukarela Berjangka'!K:K) -> 0 | J699: =SUM(E699:I699) -> 6525023.2 | K699: AKTIF
A700: 698 | B700: 001049 | C700: Muhammad Ridwan | E700: =SUMIF('Simpanan Wajib'!C:C,'All Simpanan '!C:C,'Simpanan Wajib'!E:E) -> -100000 | F700: =SUMIF('Simpanan Pokok'!C:C,'All Simpanan '!C:C,'Simpanan Pokok'!E:E) -> 0 | G700: =SUMIF('Simpanan Khusus'!C:C,'All Simpanan '!C:C,'Simpanan Khusus'!E:E) -> 0 | H700: =SUMIF('Simpanan Sukarela'!C:C,'All Simpanan '!C:C,'Simpanan Sukarela'!E:E) -> 63913 | I700: =SUMIF('Simpanan Sukarela Berjangka'!B:B,'All Simpanan '!C:C,'Simpanan Sukarela Berjangka'!K:K) -> 0 | J700: =SUM(E700:I700) -> -36087 | K700: BUKAN ANGGOTA
A701: 699 | B701: 001050 | C701: Harry Santoso | E701: =SUMIF('Simpanan Wajib'!C:C,'All Simpanan '!C:C,'Simpanan Wajib'!E:E) -> 2600000 | F701: =SUMIF('Simpanan Pokok'!C:C,'All Simpanan '!C:C,'Simpanan Pokok'!E:E) -> 200000 | G701: =SUMIF('Simpanan Khusus'!C:C,'All Simpanan '!C:C,'Simpanan Khusus'!E:E) -> 225000 | H701: =SUMIF('Simpanan Sukarela'!C:C,'All Simpanan '!C:C,'Simpanan Sukarela'!E:E) -> 163525.01 | I701: =SUMIF('Simpanan Sukarela Berjangka'!B:B,'All Simpanan '!C:C,'Simpanan Sukarela Berjangka'!K:K) -> 0 | J701: =SUM(E701:I701) -> 3188525 | K701: AKTIF
A702: 700 | B702: 001051 | C702: Djatniko Santoso | E702: =SUMIF('Simpanan Wajib'!C:C,'All Simpanan '!C:C,'Simpanan Wajib'!E:E) -> 100000 | F702: =SUMIF('Simpanan Pokok'!C:C,'All Simpanan '!C:C,'Simpanan Pokok'!E:E) -> 0 | G702: =SUMIF('Simpanan Khusus'!C:C,'All Simpanan '!C:C,'Simpanan Khusus'!E:E) -> 0 | H702: =SUMIF('Simpanan Sukarela'!C:C,'All Simpanan '!C:C,'Simpanan Sukarela'!E:E) -> 63338 | I702: =SUMIF('Simpanan Sukarela Berjangka'!B:B,'All Simpanan '!C:C,'Simpanan Sukarela Berjangka'!K:K) -> 0 | J702: =SUM(E702:I702) -> 163338 | K702: BUKAN ANGGOTA
A703: 701 | B703: 001055 | C703: Deni Apriyanto | E703: =SUMIF('Simpanan Wajib'!C:C,'All Simpanan '!C:C,'Simpanan Wajib'!E:E) -> 0 | F703: =SUMIF('Simpanan Pokok'!C:C,'All Simpanan '!C:C,'Simpanan Pokok'!E:E) -> 0 | G703: =SUMIF('Simpanan Khusus'!C:C,'All Simpanan '!C:C,'Simpanan Khusus'!E:E) -> 0 | H703: =SUMIF('Simpanan Sukarela'!C:C,'All Simpanan '!C:C,'Simpanan Sukarela'!E:E) -> 62977 | I703: =SUMIF('Simpanan Sukarela Berjangka'!B:B,'All Simpanan '!C:C,'Simpanan Sukarela Berjangka'!K:K) -> 0 | J703: =SUM(E703:I703) -> 62977 | K703: BUKAN ANGGOTA
A704: 702 | B704: 001056 | C704: Sujatnika | E704: =SUMIF('Simpanan Wajib'!C:C,'All Simpanan '!C:C,'Simpanan Wajib'!E:E) -> 0 | F704: =SUMIF('Simpanan Pokok'!C:C,'All Simpanan '!C:C,'Simpanan Pokok'!E:E) -> 0 | G704: =SUMIF('Simpanan Khusus'!C:C,'All Simpanan '!C:C,'Simpanan Khusus'!E:E) -> 0 | H704: =SUMIF('Simpanan Sukarela'!C:C,'All Simpanan '!C:C,'Simpanan Sukarela'!E:E) -> 63938 | I704: =SUMIF('Simpanan Sukarela Berjangka'!B:B,'All Simpanan '!C:C,'Simpanan Sukarela Berjangka'!K:K) -> 0 | J704: =SUM(E704:I704) -> 63938 | K704: BUKAN ANGGOTA
A705: 703 | B705: 001057 | C705: Andri Somantri | E705: =SUMIF('Simpanan Wajib'!C:C,'All Simpanan '!C:C,'Simpanan Wajib'!E:E) -> 0 | F705: =SUMIF('Simpanan Pokok'!C:C,'All Simpanan '!C:C,'Simpanan Pokok'!E:E) -> 0 | G705: =SUMIF('Simpanan Khusus'!C:C,'All Simpanan '!C:C,'Simpanan Khusus'!E:E) -> 0 | H705: =SUMIF('Simpanan Sukarela'!C:C,'All Simpanan '!C:C,'Simpanan Sukarela'!E:E) -> 60183 | I705: =SUMIF('Simpanan Sukarela Berjangka'!B:B,'All Simpanan '!C:C,'Simpanan Sukarela Berjangka'!K:K) -> 0 | J705: =SUM(E705:I705) -> 60183 | K705: BUKAN ANGGOTA
A706: 704 | B706: 001058 | C706: Henky Prabowo | D706: SBU ENI | E706: =SUMIF('Simpanan Wajib'!C:C,'All Simpanan '!C:C,'Simpanan Wajib'!E:E) -> 0 | F706: =SUMIF('Simpanan Pokok'!C:C,'All Simpanan '!C:C,'Simpanan Pokok'!E:E) -> 0 | G706: =SUMIF('Simpanan Khusus'!C:C,'All Simpanan '!C:C,'Simpanan Khusus'!E:E) -> 0 | H706: =SUMIF('Simpanan Sukarela'!C:C,'All Simpanan '!C:C,'Simpanan Sukarela'!E:E) -> 174946.72 | I706: =SUMIF('Simpanan Sukarela Berjangka'!B:B,'All Simpanan '!C:C,'Simpanan Sukarela Berjangka'!K:K) -> 0 | J706: =SUM(E706:I706) -> 174946.72 | K706: AKTIF
A707: 705 | B707: 001059 | C707: Sudirman Majid | D707: DOC | E707: =SUMIF('Simpanan Wajib'!C:C,'All Simpanan '!C:C,'Simpanan Wajib'!E:E) -> 13250000 | F707: =SUMIF('Simpanan Pokok'!C:C,'All Simpanan '!C:C,'Simpanan Pokok'!E:E) -> 0 | G707: =SUMIF('Simpanan Khusus'!C:C,'All Simpanan '!C:C,'Simpanan Khusus'!E:E) -> 0 | H707: =SUMIF('Simpanan Sukarela'!C:C,'All Simpanan '!C:C,'Simpanan Sukarela'!E:E) -> 479977.23 | I707: =SUMIF('Simpanan Sukarela Berjangka'!B:B,'All Simpanan '!C:C,'Simpanan Sukarela Berjangka'!K:K) -> 0 | J707: =SUM(E707:I707) -> 13729977 | K707: PASIF
A708: 706 | B708: 001060 | C708: Yosida Isdianawati | D708: KOP | E708: =SUMIF('Simpanan Wajib'!C:C,'All Simpanan '!C:C,'Simpanan Wajib'!E:E) -> 4700000 | F708: =SUMIF('Simpanan Pokok'!C:C,'All Simpanan '!C:C,'Simpanan Pokok'!E:E) -> 0 | G708: =SUMIF('Simpanan Khusus'!C:C,'All Simpanan '!C:C,'Simpanan Khusus'!E:E) -> 350000 | H708: =SUMIF('Simpanan Sukarela'!C:C,'All Simpanan '!C:C,'Simpanan Sukarela'!E:E) -> 114371.44 | I708: =SUMIF('Simpanan Sukarela Berjangka'!B:B,'All Simpanan '!C:C,'Simpanan Sukarela Berjangka'!K:K) -> 0 | J708: =SUM(E708:I708) -> 5164371.4 | K708: AKTIF
A709: 707 | B709: 001061 | C709: Andre L Latuihamalo | E709: =SUMIF('Simpanan Wajib'!C:C,'All Simpanan '!C:C,'Simpanan Wajib'!E:E) -> 150000 | F709: =SUMIF('Simpanan Pokok'!C:C,'All Simpanan '!C:C,'Simpanan Pokok'!E:E) -> 0 | G709: =SUMIF('Simpanan Khusus'!C:C,'All Simpanan '!C:C,'Simpanan Khusus'!E:E) -> 0 | H709: =SUMIF('Simpanan Sukarela'!C:C,'All Simpanan '!C:C,'Simpanan Sukarela'!E:E) -> 0 | I709: =SUMIF('Simpanan Sukarela Berjangka'!B:B,'All Simpanan '!C:C,'Simpanan Sukarela Berjangka'!K:K) -> 0 | J709: =SUM(E709:I709) -> 150000 | K709: PASIF
A710: 708 | B710: 001062 | C710: Abd. Rahman ST | D710: BNC | E710: =SUMIF('Simpanan Wajib'!C:C,'All Simpanan '!C:C,'Simpanan Wajib'!E:E) -> 0 | F710: =SUMIF('Simpanan Pokok'!C:C,'All Simpanan '!C:C,'Simpanan Pokok'!E:E) -> 0 | G710: =SUMIF('Simpanan Khusus'!C:C,'All Simpanan '!C:C,'Simpanan Khusus'!E:E) -> 0 | H710: =SUMIF('Simpanan Sukarela'!C:C,'All Simpanan '!C:C,'Simpanan Sukarela'!E:E) -> 0 | I710: =SUMIF('Simpanan Sukarela Berjangka'!B:B,'All Simpanan '!C:C,'Simpanan Sukarela Berjangka'!K:K) -> 0 | J710: =SUM(E710:I710) -> 0 | K710: AKTIF
A711: 709 | B711: 001063 | C711: Ratna Damayanti | D711: BPC | E711: =SUMIF('Simpanan Wajib'!C:C,'All Simpanan '!C:C,'Simpanan Wajib'!E:E) -> 11500000 | F711: =SUMIF('Simpanan Pokok'!C:C,'All Simpanan '!C:C,'Simpanan Pokok'!E:E) -> 400000 | G711: =SUMIF('Simpanan Khusus'!C:C,'All Simpanan '!C:C,'Simpanan Khusus'!E:E) -> 0 | H711: =SUMIF('Simpanan Sukarela'!C:C,'All Simpanan '!C:C,'Simpanan Sukarela'!E:E) -> 272848.77 | I711: =SUMIF('Simpanan Sukarela Berjangka'!B:B,'All Simpanan '!C:C,'Simpanan Sukarela Berjangka'!K:K) -> 0 | J711: =SUM(E711:I711) -> 12172849 | K711: AKTIF
A712: 710 | B712: 001064 | C712: Aldi Muhammad Rianto | D712: SBU ENI | E712: =SUMIF('Simpanan Wajib'!C:C,'All Simpanan '!C:C,'Simpanan Wajib'!E:E) -> 4300000 | F712: =SUMIF('Simpanan Pokok'!C:C,'All Simpanan '!C:C,'Simpanan Pokok'!E:E) -> 200000 | G712: =SUMIF('Simpanan Khusus'!C:C,'All Simpanan '!C:C,'Simpanan Khusus'!E:E) -> 100000 | H712: =SUMIF('Simpanan Sukarela'!C:C,'All Simpanan '!C:C,'Simpanan Sukarela'!E:E) -> 98408.492 | I712: =SUMIF('Simpanan Sukarela Berjangka'!B:B,'All Simpanan '!C:C,'Simpanan Sukarela Berjangka'!K:K) -> 0 | J712: =SUM(E712:I712) -> 4698408.5 | K712: AKTIF
A713: 711 | B713: 001065 | C713: Aldi Wahyu Prasetyo | D713: SBU ENI | E713: =SUMIF('Simpanan Wajib'!C:C,'All Simpanan '!C:C,'Simpanan Wajib'!E:E) -> 4300000 | F713: =SUMIF('Simpanan Pokok'!C:C,'All Simpanan '!C:C,'Simpanan Pokok'!E:E) -> 200000 | G713: =SUMIF('Simpanan Khusus'!C:C,'All Simpanan '!C:C,'Simpanan Khusus'!E:E) -> 300000 | H713: =SUMIF('Simpanan Sukarela'!C:C,'All Simpanan '!C:C,'Simpanan Sukarela'!E:E) -> 102959.43 | I713: =SUMIF('Simpanan Sukarela Berjangka'!B:B,'All Simpanan '!C:C,'Simpanan Sukarela Berjangka'!K:K) -> 0 | J713: =SUM(E713:I713) -> 4902959.4 | K713: AKTIF
A714: 712 | B714: 001066 | C714: Iqbal Rezky | D714: SBU ENI | E714: =SUMIF('Simpanan Wajib'!C:C,'All Simpanan '!C:C,'Simpanan Wajib'!E:E) -> 3100000 | F714: =SUMIF('Simpanan Pokok'!C:C,'All Simpanan '!C:C,'Simpanan Pokok'!E:E) -> 200000 | G714: =SUMIF('Simpanan Khusus'!C:C,'All Simpanan '!C:C,'Simpanan Khusus'!E:E) -> 500000 | H714: =SUMIF('Simpanan Sukarela'!C:C,'All Simpanan '!C:C,'Simpanan Sukarela'!E:E) -> 111655.07 | I714: =SUMIF('Simpanan Sukarela Berjangka'!B:B,'All Simpanan '!C:C,'Simpanan Sukarela Berjangka'!K:K) -> 0 | J714: =SUM(E714:I714) -> 3911655.1 | K714: AKTIF
A715: 713 | B715: 001069 | C715: Ade Sintya Kusumawardani | D715: SEKPER | E715: =SUMIF('Simpanan Wajib'!C:C,'All Simpanan '!C:C,'Simpanan Wajib'!E:E) -> 4200000 | F715: =SUMIF('Simpanan Pokok'!C:C,'All Simpanan '!C:C,'Simpanan Pokok'!E:E) -> 0 | G715: =SUMIF('Simpanan Khusus'!C:C,'All Simpanan '!C:C,'Simpanan Khusus'!E:E) -> 0 | H715: =SUMIF('Simpanan Sukarela'!C:C,'All Simpanan '!C:C,'Simpanan Sukarela'!E:E) -> 82815.611 | I715: =SUMIF('Simpanan Sukarela Berjangka'!B:B,'All Simpanan '!C:C,'Simpanan Sukarela Berjangka'!K:K) -> 0 | J715: =SUM(E715:I715) -> 4282815.6 | K715: AKTIF
A716: 714 | B716: 001070 | C716: Rozainbahri Noor | D716: DIREKSI | E716: =SUMIF('Simpanan Wajib'!C:C,'All Simpanan '!C:C,'Simpanan Wajib'!E:E) -> 0 | F716: =SUMIF('Simpanan Pokok'!C:C,'All Simpanan '!C:C,'Simpanan Pokok'!E:E) -> 0 | G716: =SUMIF('Simpanan Khusus'!C:C,'All Simpanan '!C:C,'Simpanan Khusus'!E:E) -> 0 | H716: =SUMIF('Simpanan Sukarela'!C:C,'All Simpanan '!C:C,'Simpanan Sukarela'!E:E) -> 414072.99 | I716: =SUMIF('Simpanan Sukarela Berjangka'!B:B,'All Simpanan '!C:C,'Simpanan Sukarela Berjangka'!K:K) -> 0 | J716: =SUM(E716:I716) -> 414072.99 | K716: AKTIF
A717: 715 | B717: 001071 | C717: Fandi Akbar (Cek Simpanan Pokok) | D717: BPC | E717: =SUMIF('Simpanan Wajib'!C:C,'All Simpanan '!C:C,'Simpanan Wajib'!E:E) -> 0 | F717: =SUMIF('Simpanan Pokok'!C:C,'All Simpanan '!C:C,'Simpanan Pokok'!E:E) -> 0 | G717: =SUMIF('Simpanan Khusus'!C:C,'All Simpanan '!C:C,'Simpanan Khusus'!E:E) -> 0 | H717: =SUMIF('Simpanan Sukarela'!C:C,'All Simpanan '!C:C,'Simpanan Sukarela'!E:E) -> 0 | I717: =SUMIF('Simpanan Sukarela Berjangka'!B:B,'All Simpanan '!C:C,'Simpanan Sukarela Berjangka'!K:K) -> 0 | J717: =SUM(E717:I717) -> 0 | K717: BUKAN ANGGOTA
A718: 716 | B718: 001072 | C718: Nadia Listiyani | D718: PKK | E718: =SUMIF('Simpanan Wajib'!C:C,'All Simpanan '!C:C,'Simpanan Wajib'!E:E) -> 8750000 | F718: =SUMIF('Simpanan Pokok'!C:C,'All Simpanan '!C:C,'Simpanan Pokok'!E:E) -> 0 | G718: =SUMIF('Simpanan Khusus'!C:C,'All Simpanan '!C:C,'Simpanan Khusus'!E:E) -> 0 | H718: =SUMIF('Simpanan Sukarela'!C:C,'All Simpanan '!C:C,'Simpanan Sukarela'!E:E) -> 60997 | I718: =SUMIF('Simpanan Sukarela Berjangka'!B:B,'All Simpanan '!C:C,'Simpanan Sukarela Berjangka'!K:K) -> 0 | J718: =SUM(E718:I718) -> 8810997 | K718: AKTIF
A719: 717 | B719: 001073 | C719: Faried, ST | D719: SBU MNO | E719: =SUMIF('Simpanan Wajib'!C:C,'All Simpanan '!C:C,'Simpanan Wajib'!E:E) -> 0 | F719: =SUMIF('Simpanan Pokok'!C:C,'All Simpanan '!C:C,'Simpanan Pokok'!E:E) -> 0 | G719: =SUMIF('Simpanan Khusus'!C:C,'All Simpanan '!C:C,'Simpanan Khusus'!E:E) -> 0 | H719: =SUMIF('Simpanan Sukarela'!C:C,'All Simpanan '!C:C,'Simpanan Sukarela'!E:E) -> 0 | I719: =SUMIF('Simpanan Sukarela Berjangka'!B:B,'All Simpanan '!C:C,'Simpanan Sukarela Berjangka'!K:K) -> 0 | J719: =SUM(E719:I719) -> 0 | K719: AKTIF
A720: 724 | B720: 001074 | C720: Arisudono Soerono | D720: DIREKSI | E720: =SUMIF('Simpanan Wajib'!C:C,'All Simpanan '!C:C,'Simpanan Wajib'!E:E) -> 0 | F720: =SUMIF('Simpanan Pokok'!C:C,'All Simpanan '!C:C,'Simpanan Pokok'!E:E) -> 0 | G720: =SUMIF('Simpanan Khusus'!C:C,'All Simpanan '!C:C,'Simpanan Khusus'!E:E) -> 0 | H720: =SUMIF('Simpanan Sukarela'!C:C,'All Simpanan '!C:C,'Simpanan Sukarela'!E:E) -> 0 | I720: =SUMIF('Simpanan Sukarela Berjangka'!B:B,'All Simpanan '!C:C,'Simpanan Sukarela Berjangka'!K:K) -> 0 | J720: =SUM(E720:I720) -> 0 | K720: AKTIF
A721: 725 | B721: 001075 | C721: Benny Susanto | D721: DIREKSI | E721: =SUMIF('Simpanan Wajib'!C:C,'All Simpanan '!C:C,'Simpanan Wajib'!E:E) -> 11500000 | F721: =SUMIF('Simpanan Pokok'!C:C,'All Simpanan '!C:C,'Simpanan Pokok'!E:E) -> 0 | G721: =SUMIF('Simpanan Khusus'!C:C,'All Simpanan '!C:C,'Simpanan Khusus'!E:E) -> 0 | H721: =SUMIF('Simpanan Sukarela'!C:C,'All Simpanan '!C:C,'Simpanan Sukarela'!E:E) -> 80436.204 | I721: =SUMIF('Simpanan Sukarela Berjangka'!B:B,'All Simpanan '!C:C,'Simpanan Sukarela Berjangka'!K:K) -> 0 | J721: =SUM(E721:I721) -> 11580436 | K721: AKTIF
... A731: 727 | B731: 001087 | C731: Ibnul Qayyim | D731: BT | E731: =SUMIF('Simpanan Wajib'!C:C,'All Simpanan '!C:C,'Simpanan Wajib'!E:E) -> 1200000 | F731: =SUMIF('Simpanan Pokok'!C:C,'All Simpanan '!C:C,'Simpanan Pokok'!E:E) -> 200000 | G731: =SUMIF('Simpanan Khusus'!C:C,'All Simpanan '!C:C,'Simpanan Khusus'!E:E) -> 0 | H731: =SUMIF('Simpanan Sukarela'!C:C,'All Simpanan '!C:C,'Simpanan Sukarela'!E:E) -> 4021.8102 | I731: =SUMIF('Simpanan Sukarela Berjangka'!B:B,'All Simpanan '!C:C,'Simpanan Sukarela Berjangka'!K:K) -> 0 | J731: =SUM(E731:I731) -> 1404021.8 | K731: AKTIF
A732: 728 | C732: Kenedi Pangaribuan, ST. | D732: SBU ENI | E732: =SUMIF('Simpanan Wajib'!C:C,'All Simpanan '!C:C,'Simpanan Wajib'!E:E) -> 0 | F732: =SUMIF('Simpanan Pokok'!C:C,'All Simpanan '!C:C,'Simpanan Pokok'!E:E) -> 0 | G732: =SUMIF('Simpanan Khusus'!C:C,'All Simpanan '!C:C,'Simpanan Khusus'!E:E) -> 0 | H732: =SUMIF('Simpanan Sukarela'!C:C,'All Simpanan '!C:C,'Simpanan Sukarela'!E:E) -> 0 | I732: =SUMIF('Simpanan Sukarela Berjangka'!B:B,'All Simpanan '!C:C,'Simpanan Sukarela Berjangka'!K:K) -> 0 | J732: =SUM(E732:I732) -> 0 | K732: AKTIF
A733: 729 | C733: Novella Musya | D733: SBU ENI | E733: =SUMIF('Simpanan Wajib'!C:C,'All Simpanan '!C:C,'Simpanan Wajib'!E:E) -> 1950000 | F733: =SUMIF('Simpanan Pokok'!C:C,'All Simpanan '!C:C,'Simpanan Pokok'!E:E) -> 200000 | G733: =SUMIF('Simpanan Khusus'!C:C,'All Simpanan '!C:C,'Simpanan Khusus'!E:E) -> 0 | H733: =SUMIF('Simpanan Sukarela'!C:C,'All Simpanan '!C:C,'Simpanan Sukarela'!E:E) -> 0 | I733: =SUMIF('Simpanan Sukarela Berjangka'!B:B,'All Simpanan '!C:C,'Simpanan Sukarela Berjangka'!K:K) -> 0 | J733: =SUM(E733:I733) -> 2150000 | K733: AKTIF
A734: 730 | C734: Regiyan Drinin Kawasugi | D734: PSMMO | E734: =SUMIF('Simpanan Wajib'!C:C,'All Simpanan '!C:C,'Simpanan Wajib'!E:E) -> 900000 | F734: =SUMIF('Simpanan Pokok'!C:C,'All Simpanan '!C:C,'Simpanan Pokok'!E:E) -> 200000 | G734: =SUMIF('Simpanan Khusus'!C:C,'All Simpanan '!C:C,'Simpanan Khusus'!E:E) -> 100000 | H734: =SUMIF('Simpanan Sukarela'!C:C,'All Simpanan '!C:C,'Simpanan Sukarela'!E:E) -> 0 | I734: =SUMIF('Simpanan Sukarela Berjangka'!B:B,'All Simpanan '!C:C,'Simpanan Sukarela Berjangka'!K:K) -> 0 | J734: =SUM(E734:I734) -> 1200000 | K734: AKTIF
A735: 731 | C735: Raka Dwita Setyanegara | D735: PKO | E735: =SUMIF('Simpanan Wajib'!C:C,'All Simpanan '!C:C,'Simpanan Wajib'!E:E) -> 1300000 | F735: =SUMIF('Simpanan Pokok'!C:C,'All Simpanan '!C:C,'Simpanan Pokok'!E:E) -> 200000 | G735: =SUMIF('Simpanan Khusus'!C:C,'All Simpanan '!C:C,'Simpanan Khusus'!E:E) -> 250000 | H735: =SUMIF('Simpanan Sukarela'!C:C,'All Simpanan '!C:C,'Simpanan Sukarela'!E:E) -> 0 | I735: =SUMIF('Simpanan Sukarela Berjangka'!B:B,'All Simpanan '!C:C,'Simpanan Sukarela Berjangka'!K:K) -> 0 | J735: =SUM(E735:I735) -> 1750000 | K735: AKTIF
A736: 732 | C736: Hendi Zulfan | D736: SBU ENI | E736: =SUMIF('Simpanan Wajib'!C:C,'All Simpanan '!C:C,'Simpanan Wajib'!E:E) -> 450000 | F736: =SUMIF('Simpanan Pokok'!C:C,'All Simpanan '!C:C,'Simpanan Pokok'!E:E) -> 0 | G736: =SUMIF('Simpanan Khusus'!C:C,'All Simpanan '!C:C,'Simpanan Khusus'!E:E) -> 0 | H736: =SUMIF('Simpanan Sukarela'!C:C,'All Simpanan '!C:C,'Simpanan Sukarela'!E:E) -> 0 | I736: =SUMIF('Simpanan Sukarela Berjangka'!B:B,'All Simpanan '!C:C,'Simpanan Sukarela Berjangka'!K:K) -> 0 | J736: =SUM(E736:I736) -> 450000 | K736: AKTIF
A737: 733 | C737: Elmy Mufidah | D737: HCTIO | E737: =SUMIF('Simpanan Wajib'!C:C,'All Simpanan '!C:C,'Simpanan Wajib'!E:E) -> 300000 | F737: =SUMIF('Simpanan Pokok'!C:C,'All Simpanan '!C:C,'Simpanan Pokok'!E:E) -> 0 | G737: =SUMIF('Simpanan Khusus'!C:C,'All Simpanan '!C:C,'Simpanan Khusus'!E:E) -> 0 | H737: =SUMIF('Simpanan Sukarela'!C:C,'All Simpanan '!C:C,'Simpanan Sukarela'!E:E) -> 0 | I737: =SUMIF('Simpanan Sukarela Berjangka'!B:B,'All Simpanan '!C:C,'Simpanan Sukarela Berjangka'!K:K) -> 0 | J737: =SUM(E737:I737) -> 300000 | K737: AKTIF
A738: 734 | C738: Muhammad Rafi Amrullah | D738: HCTIO | E738: =SUMIF('Simpanan Wajib'!C:C,'All Simpanan '!C:C,'Simpanan Wajib'!E:E) -> 300000 | F738: =SUMIF('Simpanan Pokok'!C:C,'All Simpanan '!C:C,'Simpanan Pokok'!E:E) -> 0 | G738: =SUMIF('Simpanan Khusus'!C:C,'All Simpanan '!C:C,'Simpanan Khusus'!E:E) -> 0 | H738: =SUMIF('Simpanan Sukarela'!C:C,'All Simpanan '!C:C,'Simpanan Sukarela'!E:E) -> 0 | I738: =SUMIF('Simpanan Sukarela Berjangka'!B:B,'All Simpanan '!C:C,'Simpanan Sukarela Berjangka'!K:K) -> 0 | J738: =SUM(E738:I738) -> 300000 | K738: AKTIF
A739: 735 | C739: Muhammad Dafa'anh Murya Tsani | D739: HCTIO | E739: =SUMIF('Simpanan Wajib'!C:C,'All Simpanan '!C:C,'Simpanan Wajib'!E:E) -> 300000 | F739: =SUMIF('Simpanan Pokok'!C:C,'All Simpanan '!C:C,'Simpanan Pokok'!E:E) -> 0 | G739: =SUMIF('Simpanan Khusus'!C:C,'All Simpanan '!C:C,'Simpanan Khusus'!E:E) -> 0 | H739: =SUMIF('Simpanan Sukarela'!C:C,'All Simpanan '!C:C,'Simpanan Sukarela'!E:E) -> 0 | I739: =SUMIF('Simpanan Sukarela Berjangka'!B:B,'All Simpanan '!C:C,'Simpanan Sukarela Berjangka'!K:K) -> 0 | J739: =SUM(E739:I739) -> 300000 | K739: AKTIF
A740: 736 | C740: Aditya Ilham Septiawan | D740: HCTIO | E740: =SUMIF('Simpanan Wajib'!C:C,'All Simpanan '!C:C,'Simpanan Wajib'!E:E) -> 0 | F740: =SUMIF('Simpanan Pokok'!C:C,'All Simpanan '!C:C,'Simpanan Pokok'!E:E) -> 0 | G740: =SUMIF('Simpanan Khusus'!C:C,'All Simpanan '!C:C,'Simpanan Khusus'!E:E) -> 0 | H740: =SUMIF('Simpanan Sukarela'!C:C,'All Simpanan '!C:C,'Simpanan Sukarela'!E:E) -> 0 | I740: =SUMIF('Simpanan Sukarela Berjangka'!B:B,'All Simpanan '!C:C,'Simpanan Sukarela Berjangka'!K:K) -> 0 | J740: =SUM(E740:I740) -> 0 | K740: AKTIF
A741: 737 | C741: Jasmine Pratiwi | D741: HCTIO | E741: =SUMIF('Simpanan Wajib'!C:C,'All Simpanan '!C:C,'Simpanan Wajib'!E:E) -> 300000 | F741: =SUMIF('Simpanan Pokok'!C:C,'All Simpanan '!C:C,'Simpanan Pokok'!E:E) -> 0 | G741: =SUMIF('Simpanan Khusus'!C:C,'All Simpanan '!C:C,'Simpanan Khusus'!E:E) -> 0 | H741: =SUMIF('Simpanan Sukarela'!C:C,'All Simpanan '!C:C,'Simpanan Sukarela'!E:E) -> 0 | I741: =SUMIF('Simpanan Sukarela Berjangka'!B:B,'All Simpanan '!C:C,'Simpanan Sukarela Berjangka'!K:K) -> 0 | J741: =SUM(E741:I741) -> 300000 | K741: AKTIF
A742: 738 | C742: Izza Fajri Syafira | D742: HCTIO | E742: =SUMIF('Simpanan Wajib'!C:C,'All Simpanan '!C:C,'Simpanan Wajib'!E:E) -> 0 | F742: =SUMIF('Simpanan Pokok'!C:C,'All Simpanan '!C:C,'Simpanan Pokok'!E:E) -> 0 | G742: =SUMIF('Simpanan Khusus'!C:C,'All Simpanan '!C:C,'Simpanan Khusus'!E:E) -> 0 | H742: =SUMIF('Simpanan Sukarela'!C:C,'All Simpanan '!C:C,'Simpanan Sukarela'!E:E) -> 0 | I742: =SUMIF('Simpanan Sukarela Berjangka'!B:B,'All Simpanan '!C:C,'Simpanan Sukarela Berjangka'!K:K) -> 0 | J742: =SUM(E742:I742) -> 0 | K742: AKTIF
A743: 739 | C743: Mariyana Astri Fandani | D743: MRKU | E743: =SUMIF('Simpanan Wajib'!C:C,'All Simpanan '!C:C,'Simpanan Wajib'!E:E) -> 300000 | F743: =SUMIF('Simpanan Pokok'!C:C,'All Simpanan '!C:C,'Simpanan Pokok'!E:E) -> 0 | G743: =SUMIF('Simpanan Khusus'!C:C,'All Simpanan '!C:C,'Simpanan Khusus'!E:E) -> 0 | H743: =SUMIF('Simpanan Sukarela'!C:C,'All Simpanan '!C:C,'Simpanan Sukarela'!E:E) -> 0 | I743: =SUMIF('Simpanan Sukarela Berjangka'!B:B,'All Simpanan '!C:C,'Simpanan Sukarela Berjangka'!K:K) -> 15945000 | J743: =SUM(E743:I743) -> 16245000 | K743: AKTIF
... A748: 744 | C748: Vivi Hazlinda | D748: KOP | E748: =SUMIF('Simpanan Wajib'!C:C,'All Simpanan '!C:C,'Simpanan Wajib'!E:E) -> 0 | F748: =SUMIF('Simpanan Pokok'!C:C,'All Simpanan '!C:C,'Simpanan Pokok'!E:E) -> 0 | G748: =SUMIF('Simpanan Khusus'!C:C,'All Simpanan '!C:C,'Simpanan Khusus'!E:E) -> 0 | H748: =SUMIF('Simpanan Sukarela'!C:C,'All Simpanan '!C:C,'Simpanan Sukarela'!E:E) -> 0 | I748: =SUMIF('Simpanan Sukarela Berjangka'!B:B,'All Simpanan '!C:C,'Simpanan Sukarela Berjangka'!K:K) -> 0 | J748: =SUM(E748:I748) -> 0 | K748: AKTIF
A749: TOTAL | E749: =SUM(E3:E748) -> 2639574326 | F749: =SUM(F3:F748) -> 10300000 | G749: =SUM(G3:G748) -> 65346500 | H749: =SUM(H3:H748) -> 3.7586718e+08 | I749: =SUM(I3:I748) -> 4.091575e+08 | J749: =SUM(J3:J748) -> 3.5002455e+09

Sheet Simpanan Wajib
A1: NO. | C1: NAMA ANGGOTA | D1: UNIT KERJA | E1: SIMPANAN WAJIB 2024 | F1: Pembayaran Selama 2025 | R1: SALDO 2025
B2: NO. ANGGOTA | F2: Januari | G2: Februari | H2: Maret | I2: April | J2: Mei | K2: Juni | L2: Juli | M2: Agustus | N2: September | O2: Oktober | P2: November | Q2: Desember
A3: 1 | B3: 000001 | C3: A'AN AGUS FIRMANSYAH | D3: SBC | E3: 17240660 | F3: 150000 | G3: 150000 | H3: 150000 | I3: 150000 | J3: 150000 | K3: 150000 | L3: 150000 | M3: 150000 | N3: 150000 | O3: 150000 | P3: 150000 | Q3: 150000 | R3: =SUM(E3:Q3) -> 19040660
A4: 2 | B4: 000002 | C4: Abdul Ghofar | D4: DOC | E4: 0 | F4: 0 | G4: 0 | H4: 0 | I4: 0 | J4: 0 | K4: 0 | L4: 0 | M4: 0 | N4: 0 | O4: 0 | P4: 0 | R4: =SUM(E4:Q4) -> 0
A5: 3 | B5: 000003 | C5: Abdul Hadi | E5: 150000 | F5: 0 | G5: 0 | H5: 0 | I5: 0 | J5: 0 | K5: 0 | L5: 0 | M5: 0 | N5: 0 | O5: 0 | P5: 0 | R5: =SUM(E5:Q5) -> 150000
A6: 4 | B6: 000006 | C6: ABUKASIM USMAN | D6: SB | E6: 10609532 | F6: 150000 | G6: 150000 | H6: 150000 | I6: 150000 | J6: 150000 | K6: 150000 | L6: 150000 | M6: 150000 | N6: 150000 | O6: 150000 | P6: 150000 | Q6: 150000 | R6: =SUM(E6:Q6) -> 12409532
A7: 5 | B7: 000009 | C7: Achmad | D7: PUMA | E7: 24852898 | F7: 150000 | G7: 150000 | H7: 150000 | I7: 150000 | J7: 150000 | K7: 150000 | L7: 150000 | M7: 150000 | N7: 150000 | O7: 0 | P7: -26202898 | R7: =SUM(E7:Q7) -> 0
A8: 6 | B8: 000013 | C8: AKHMAD MUSLIM | D8: HCTIO | E8: 37699463 | F8: 500000 | G8: 500000 | H8: 500000 | I8: 500000 | J8: 500000 | K8: 500000 | L8: 500000 | M8: 500000 | N8: 0 | O8: -41699463 | P8: 0 | R8: =SUM(E8:Q8) -> 0
A9: 7 | B9: 000014 | C9: Achmad Suseno | D9: R&P | E9: 0 | F9: 0 | G9: 0 | H9: 0 | I9: 0 | J9: 0 | K9: 0 | L9: 0 | M9: 0 | N9: 0 | O9: 0 | P9: 0 | R9: =SUM(E9:Q9) -> 0
A10: 8 | B10: 000015 | C10: ACHMAD TAWAKKAL RAMPA | D10: DOC | E10: 34674262 | F10: 250000 | G10: 250000 | H10: 250000 | I10: 250000 | J10: 250000 | K10: 250000 | L10: 250000 | M10: 250000 | N10: 250000 | O10: 250000 | P10: 250000 | Q10: 250000 | R10: =SUM(E10:Q10) -> 37674262
A11: 9 | B11: 000018 | C11: Ade Prihadi | D11: CG | E11: 0 | F11: 0 | G11: 0 | H11: 0 | I11: 0 | J11: 0 | K11: 0 | L11: 0 | M11: 0 | N11: 0 | O11: 0 | P11: 0 | R11: =SUM(E11:Q11) -> 0
A12: 10 | B12: 000019 | C12: Ade Sugandi | D12: - | E12: 250000 | F12: 0 | G12: 0 | H12: 0 | I12: 0 | J12: 0 | K12: 0 | L12: 0 | M12: 0 | N12: 0 | O12: 0 | P12: 0 | R12: =SUM(E12:Q12) -> 250000
A13: 11 | B13: 000020 | C13: Adhitama Rama | D13: PHP | E13: 0 | F13: 0 | G13: 0 | H13: 0 | I13: 0 | J13: 0 | K13: 0 | L13: 0 | M13: 0 | N13: 0 | O13: 0 | P13: 0 | R13: =SUM(E13:Q13) -> 0
A14: 12 | B14: 000021 | C14: Adi Iman Patria | D14: HC&L | E14: 0 | F14: 0 | G14: 0 | H14: 0 | I14: 0 | J14: 0 | K14: 0 | L14: 0 | M14: 0 | N14: 0 | O14: 0 | P14: 0 | R14: =SUM(E14:Q14) -> 0
A15: 13 | B15: 000025 | C15: Aditia Warman | D15: - | E15: 0 | F15: 0 | G15: 0 | H15: 0 | I15: 0 | J15: 0 | K15: 0 | L15: 0 | M15: 0 | N15: 0 | O15: 0 | P15: 0 | R15: =SUM(E15:Q15) -> 0
A16: 14 | B16: 000026 | C16: ADITYA TRISANDHYA PRAMANA | D16: STA | E16: 44697275 | F16: 350000 | G16: 350000 | H16: 350000 | I16: 350000 | J16: 350000 | K16: 350000 | L16: 350000 | M16: 350000 | N16: 350000 | O16: 350000 | P16: 350000 | Q16: 350000 | R16: =SUM(E16:Q16) -> 48897275
A17: 15 | B17: 000027 | C17: Afrizal | D17: - | E17: 0 | F17: 0 | G17: 0 | H17: 0 | I17: 0 | J17: 0 | K17: 0 | L17: 0 | M17: 0 | N17: 0 | O17: 0 | P17: 0 | R17: =SUM(E17:Q17) -> 0
A18: 16 | B18: 000029 | C18: Agung Budi Arnanto | D18: PU | E18: 0 | F18: 0 | G18: 0 | H18: 0 | I18: 0 | J18: 0 | K18: 0 | L18: 0 | M18: 0 | N18: 0 | O18: 0 | P18: 0 | R18: =SUM(E18:Q18) -> 0
A19: 17 | B19: 000030 | C19: Agung Prihanto | D19: HCTIO | E19: 77549876 | F19: -77549876 | G19: 0 | H19: 0 | I19: 0 | J19: 0 | K19: 0 | L19: 0 | M19: 0 | N19: 0 | O19: 0 | P19: 0 | R19: =SUM(E19:Q19) -> 0
A20: 18 | B20: 000031 | C20: Agung Wicaksono | D20: SB | E20: 0 | F20: 0 | G20: 0 | H20: 0 | I20: 0 | J20: 0 | K20: 0 | L20: 0 | M20: 0 | N20: 0 | O20: 0 | P20: 0 | R20: =SUM(E20:Q20) -> 0
A21: 19 | B21: 000032 | C21: Agus Siswoko | D21: PRB | E21: 0 | F21: 0 | G21: 0 | H21: 0 | I21: 0 | J21: 0 | K21: 0 | L21: 0 | M21: 0 | N21: 0 | O21: 0 | P21: 0 | R21: =SUM(E21:Q21) -> 0
A22: 20 | B22: 000033 | C22: Agus Salim | D22: PRB | E22: 0 | F22: 0 | G22: 0 | H22: 0 | I22: 0 | J22: 0 | K22: 0 | L22: 0 | M22: 0 | N22: 0 | O22: 0 | P22: 0 | R22: =SUM(E22:Q22) -> 0
A23: 21 | B23: 000037 | C23: Agustang | D23: BM | E23: 250000 | F23: 0 | G23: 0 | H23: 0 | I23: 0 | J23: 0 | K23: 0 | L23: 0 | M23: 0 | N23: 0 | O23: 0 | P23: 0 | R23: =SUM(E23:Q23) -> 250000
A24: 22 | B24: 000039 | C24: Ahmad Aliyudin | D24: MHC | E24: -150000 | F24: 0 | G24: 0 | H24: 0 | I24: 0 | J24: 0 | K24: 0 | L24: 0 | M24: 0 | N24: 0 | O24: 0 | P24: 0 | R24: =SUM(E24:Q24) -> -150000
A25: 23 | B25: 000042 | C25: Ahmad Rifaid | D25: PR | E25: 0 | F25: 0 | G25: 0 | H25: 0 | I25: 0 | J25: 0 | K25: 0 | L25: 0 | M25: 0 | N25: 0 | O25: 0 | P25: 0 | R25: =SUM(E25:Q25) -> 0
A26: 24 | B26: 000043 | C26: Ahmad Sariful Anwar | D26: PRB | E26: 0 | F26: 0 | G26: 0 | H26: 0 | I26: 0 | J26: 0 | K26: 0 | L26: 0 | M26: 0 | N26: 0 | O26: 0 | P26: 0 | R26: =SUM(E26:Q26) -> 0
A27: 25 | B27: 000044 | C27: AHMAD YUNUS | D27: PU | E27: 13231788 | F27: 100000 | G27: 100000 | H27: 100000 | I27: 100000 | J27: 100000 | K27: 100000 | L27: 100000 | M27: 100000 | N27: 100000 | O27: 100000 | P27: 100000 | Q27: 100000 | R27: =SUM(E27:Q27) -> 14431788
A28: 26 | B28: 000045 | C28: AHMAD ZAKKY | D28: MHC | E28: 800000 | F28: 0 | G28: 0 | H28: 0 | I28: 0 | J28: 0 | K28: 0 | L28: 0 | M28: 0 | N28: 0 | O28: 0 | P28: 0 | R28: =SUM(E28:Q28) -> 800000
A29: 27 | B29: 000048 | C29: AKHMAD MULIADDIN | D29: PBC | E29: 18900000 | F29: 150000 | G29: 150000 | H29: 150000 | I29: 150000 | J29: 150000 | K29: 150000 | L29: 150000 | M29: 150000 | N29: 150000 | O29: 150000 | P29: 150000 | Q29: 150000 | R29: =SUM(E29:Q29) -> 20700000
A30: 28 | B30: 000052 | C30: Alfonsus Susilarso | D30: SV | E30: 0 | F30: 0 | G30: 0 | H30: 0 | I30: 0 | J30: 0 | K30: 0 | L30: 0 | M30: 0 | N30: 0 | O30: 0 | P30: 0 | R30: =SUM(E30:Q30) -> 0
A31: 29 | B31: 000053 | C31: ALI AKBAR BASO | D31: TP | E31: 4600000 | F31: 0 | G31: 0 | H31: 0 | I31: 0 | J31: 0 | K31: 0 | L31: 0 | M31: 350000 | N31: 350000 | O31: 350000 | P31: 350000 | Q31: 350000 | R31: =SUM(E31:Q31) -> 6350000
A32: 30 | B32: 000056 | C32: Alim Saadi | D32: R&P | E32: 67026138 | F32: 0 | G32: 0 | H32: 0 | I32: 0 | J32: 0 | K32: 0 | L32: 0 | M32: 0 | N32: 0 | O32: 0 | P32: 0 | R32: =SUM(E32:Q32) -> 67026138
A33: 31 | B33: 000059 | C33: ANDI ARDI ABDULLAH | D33: MKSC | E33: 12814161 | F33: 150000 | G33: 150000 | H33: 150000 | I33: 150000 | J33: 150000 | K33: 150000 | L33: 150000 | M33: 150000 | N33: 150000 | O33: 150000 | P33: 150000 | Q33: 150000 | R33: =SUM(E33:Q33) -> 14614161
A34: 32 | B34: 000060 | C34: Andi Arman | D34: SV | E34: 26027980 | F34: 0 | G34: 0 | H34: 0 | I34: 0 | J34: 0 | K34: 0 | L34: 0 | M34: 0 | N34: 0 | O34: 0 | P34: 0 | R34: =SUM(E34:Q34) -> 26027980
A35: 33 | B35: 000062 | C35: ANDI LAMAPPASESSU | D35: PSMMO | E35: 47029884 | F35: 350000 | G35: 350000 | H35: 350000 | I35: 350000 | J35: 350000 | K35: 350000 | L35: 350000 | M35: 350000 | N35: 350000 | O35: 350000 | P35: 350000 | Q35: 350000 | R35: =SUM(E35:Q35) -> 51229884
A36: 34 | B36: 000064 | C36: ANDI NURALIM KAMAL | D36: PRB | E36: 40939498 | F36: 350000 | G36: 350000 | H36: 350000 | I36: 350000 | J36: 350000 | K36: 350000 | L36: 350000 | M36: 350000 | N36: 350000 | O36: 350000 | P36: 350000 | Q36: 350000 | R36: =SUM(E36:Q36) -> 45139498
A37: 35 | B37: 000065 | C37: ANDI P. SIAGIAN | D37: BN | E37: 25567478 | F37: 250000 | G37: 250000 | H37: 250000 | I37: 250000 | J37: 250000 | K37: 250000 | L37: 250000 | M37: 250000 | N37: 250000 | O37: 250000 | P37: 250000 | Q37: 250000 | R37: =SUM(E37:Q37) -> 28567478
A38: 36 | B38: 000067 | C38: ANDRI SURYAWAN | D38: LC | E38: 39095000 | F38: 350000 | G38: 350000 | H38: 350000 | I38: 350000 | J38: 350000 | K38: 350000 | L38: 350000 | M38: 350000 | N38: 350000 | O38: 350000 | P38: 350000 | Q38: 350000 | R38: =SUM(E38:Q38) -> 43295000
A39: 37 | B39: 000070 | C39: Anita Magdalena | D39: SPI | E39: 36018134 | F39: 250000 | G39: 250000 | H39: 250000 | I39: 250000 | J39: 250000 | K39: 250000 | L39: 250000 | M39: 250000 | N39: 250000 | O39: 250000 | P39: 250000 | Q39: 250000 | R39: =SUM(E39:Q39) -> 39018134
A40: 38 | B40: 000071 | C40: ANOGI AKBAR ALI | D40: PSMMO | E40: 52878542 | F40: 350000 | G40: 350000 | H40: 350000 | I40: 350000 | J40: 350000 | K40: 350000 | L40: 350000 | M40: 350000 | N40: 350000 | O40: 350000 | P40: 350000 | Q40: 350000 | R40: =SUM(E40:Q40) -> 57078542
A41: 39 | B41: 000072 | C41: Antong Goli | D41: PK | E41: 3375000 | F41: 0 | G41: 0 | H41: 0 | I41: 0 | J41: 0 | K41: 0 | L41: 0 | M41: 0 | N41: 0 | O41: 0 | P41: 0 | R41: =SUM(E41:Q41) -> 3375000
A42: 40 | B42: 000075 | C42: Aquarius Setiawan | D42: SBC | E42: 19034067 | F42: 150000 | G42: 0 | H42: 0 | I42: 0 | J42: 0 | K42: 0 | L42: 0 | M42: 0 | N42: 0 | O42: 0 | P42: 0 | R42: =SUM(E42:Q42) -> 19184067
A43: 41 | B43: 000076 | C43: ARDHIAN BUDI SULISTIYO | D43: SBU MNO | E43: 27913302 | F43: 350000 | G43: 350000 | H43: 350000 | I43: 350000 | J43: 350000 | K43: 350000 | L43: 350000 | M43: 350000 | N43: 350000 | O43: 350000 | P43: 350000 | Q43: 350000 | R43: =SUM(E43:Q43) -> 32113302
A44: 42 | B44: 000081 | C44: ARIEF BUDI PERMANA | D44: DOK | E44: 71130464 | F44: 500000 | G44: 500000 | H44: 500000 | I44: 500000 | J44: 500000 | K44: 500000 | L44: 500000 | M44: 500000 | N44: 500000 | O44: 500000 | P44: 500000 | Q44: 500000 | R44: =SUM(E44:Q44) -> 77130464
A45: 43 | B45: 000083 | C45: Arief Nurtjahjo | D45: BM | E45: -450000 | F45: 0 | G45: 0 | H45: 0 | I45: 0 | J45: 0 | K45: 0 | L45: 0 | M45: 0 | N45: 0 | O45: 0 | P45: 0 | R45: =SUM(E45:Q45) -> -450000
A46: 44 | B46: 000084 | C46: ARIF RACHMAN | D46: SBU ENI | E46: 21995858 | F46: 150000 | G46: 150000 | H46: 150000 | I46: 150000 | J46: 150000 | K46: 150000 | L46: 150000 | M46: 150000 | N46: 150000 | O46: 150000 | P46: 150000 | Q46: 150000 | R46: =SUM(E46:Q46) -> 23795858
A47: 45 | B47: 000085 | C47: Arief Sofyan | D47: - | E47: 345000 | F47: 0 | G47: 0 | H47: 0 | I47: 0 | J47: 0 | K47: 0 | L47: 0 | M47: 0 | N47: 0 | O47: 0 | P47: 0 | R47: =SUM(E47:Q47) -> 345000
A48: 46 | B48: 000086 | C48: ARIEF SULISTIYONO | D48: BJ | E48: 55171058 | F48: 350000 | G48: 350000 | H48: 350000 | I48: 350000 | J48: 350000 | K48: 350000 | L48: 350000 | M48: 350000 | N48: 350000 | O48: 350000 | P48: 350000 | Q48: 350000 | R48: =SUM(E48:Q48) -> 59371058
A49: 47 | B49: 000088 | C49: ARIF BIJAKSANA SATRIA NEGARA | D49: BMC | E49: 36191147 | F49: 250000 | G49: 250000 | H49: 250000 | I49: 250000 | J49: 250000 | K49: 250000 | L49: 250000 | M49: 250000 | N49: 250000 | O49: 250000 | P49: 250000 | Q49: 250000 | R49: =SUM(E49:Q49) -> 39191147
A50: 48 | B50: 000089 | C50: ARIF PURWONO | D50: BM | E50: 300000 | F50: 0 | G50: 0 | H50: 0 | I50: 0 | J50: 0 | K50: 550000 | L50: 350000 | M50: 350000 | N50: 350000 | O50: 350000 | P50: 350000 | Q50: 350000 | R50: =SUM(E50:Q50) -> 2950000
A51: 49 | B51: 000091 | C51: ARIF YUNAEDI | D51: STA | E51: 52884577 | F51: 350000 | G51: 350000 | H51: 350000 | I51: 350000 | J51: 350000 | K51: 350000 | L51: 350000 | M51: 350000 | N51: 350000 | O51: 350000 | P51: 350000 | Q51: 350000 | R51: =SUM(E51:Q51) -> 57084577
A52: 50 | B52: 000094 | C52: ARIFUDDIN | D52: CG | E52: 23678235 | F52: 150000 | G52: 150000 | H52: 150000 | I52: 150000 | J52: 150000 | K52: 150000 | L52: 150000 | M52: 150000 | N52: 150000 | O52: 150000 | P52: 150000 | Q52: 150000 | R52: =SUM(E52:Q52) -> 25478235
A53: 51 | B53: 000095 | C53: Aris Susanto | D53: - | E53: 195000 | F53: 0 | G53: 0 | H53: 0 | I53: 0 | J53: 0 | K53: 0 | L53: 0 | M53: 0 | N53: 0 | O53: 0 | P53: 0 | R53: =SUM(E53:Q53) -> 195000
A54: 52 | B54: 000096 | C54: ARMINDARY ARIEF | D54: PRB | E54: 37815979 | F54: 250000 | G54: 250000 | H54: 250000 | I54: 250000 | J54: 250000 | K54: 250000 | L54: 250000 | M54: 250000 | N54: 250000 | O54: 250000 | P54: 250000 | Q54: 250000 | R54: =SUM(E54:Q54) -> 40815979
A55: 53 | B55: 000097 | C55: Arsalnan Latif | D55: - | E55: 0 | F55: 0 | G55: 0 | H55: 0 | I55: 0 | J55: 0 | K55: 0 | L55: 0 | M55: 0 | N55: 0 | O55: 0 | P55: 0 | R55: =SUM(E55:Q55) -> 0
A56: 54 | B56: 000099 | C56: ARYO SINGGIH | D56: BT | E56: 33725000 | F56: 250000 | G56: 250000 | H56: 250000 | I56: 250000 | J56: 250000 | K56: 250000 | L56: 250000 | M56: 250000 | N56: 250000 | O56: 250000 | P56: 250000 | Q56: 250000 | R56: =SUM(E56:Q56) -> 36725000
A57: 55 | B57: 000100 | C57: Asep Supriatna | D57: SV | E57: 150000 | F57: 0 | G57: 0 | H57: 0 | I57: 0 | J57: 0 | K57: 0 | L57: 0 | M57: 0 | N57: 0 | O57: 0 | P57: 0 | R57: =SUM(E57:Q57) -> 150000
A58: 56 | B58: 000101 | C58: Asep Sutrisna S | D58: - | E58: 0 | F58: 0 | G58: 0 | H58: 0 | I58: 0 | J58: 0 | K58: 0 | L58: 0 | M58: 0 | N58: 0 | O58: 0 | P58: 0 | R58: =SUM(E58:Q58) -> 0
A59: 57 | B59: 000103 | C59: Atjeh Nahan | D59: DP | E59: 0 | F59: 0 | G59: 0 | H59: 0 | I59: 0 | J59: 0 | K59: 0 | L59: 0 | M59: 0 | N59: 0 | O59: 0 | P59: 0 | R59: =SUM(E59:Q59) -> 0
A60: 58 | B60: 000104 | C60: Awan Setiawan | D60: MAC | E60: 0 | F60: 0 | G60: 0 | H60: 0 | I60: 0 | J60: 0 | K60: 0 | L60: 0 | M60: 0 | N60: 0 | O60: 0 | P60: 0 | R60: =SUM(E60:Q60) -> 0
A61: 59 | B61: 000111 | C61: Azwar Firly | D61: - | E61: 0 | F61: 0 | G61: 0 | H61: 0 | I61: 0 | J61: 0 | K61: 0 | L61: 0 | M61: 0 | N61: 0 | O61: 0 | P61: 0 | R61: =SUM(E61:Q61) -> 0
A62: 60 | B62: 000112 | C62: Bagyono | D62: SB | E62: 5919993 | F62: 0 | G62: 0 | H62: 0 | I62: 0 | J62: 0 | K62: 0 | L62: 0 | M62: 0 | N62: 0 | O62: 0 | P62: 0 | R62: =SUM(E62:Q62) -> 5919993
A63: 61 | B63: 000113 | C63: Bahrun Saad | D63: DOC | E63: 0 | F63: 0 | G63: 0 | H63: 0 | I63: 0 | J63: 0 | K63: 0 | L63: 0 | M63: 0 | N63: 0 | O63: 0 | P63: 0 | R63: =SUM(E63:Q63) -> 0
A64: 62 | B64: 000114 | C64: Bakir | D64: SBU ENI | E64: 150000 | F64: 0 | G64: 0 | H64: 0 | I64: 0 | J64: 0 | K64: 0 | L64: 0 | M64: 0 | N64: 0 | O64: 0 | P64: 0 | R64: =SUM(E64:Q64) -> 150000
A65: 63 | B65: 000116 | C65: Bambang Hariyadi | D65: - | E65: 0 | F65: 0 | G65: 0 | H65: 0 | I65: 0 | J65: 0 | K65: 0 | L65: 0 | M65: 0 | N65: 0 | O65: 0 | P65: 0 | R65: =SUM(E65:Q65) -> 0
A66: 64 | B66: 000117 | C66: BAMBANG IRWAN | D66: CG | E66: 29511013 | F66: 250000 | G66: 250000 | H66: 250000 | I66: 250000 | J66: 250000 | K66: 250000 | L66: 250000 | M66: 250000 | N66: 250000 | O66: 250000 | P66: 250000 | Q66: 250000 | R66: =SUM(E66:Q66) -> 32511013
A67: 65 | B67: 000119 | C67: BAMBANG RIYANTO | D67: SB | E67: 30694515 | F67: 350000 | G67: 350000 | H67: 350000 | I67: 350000 | J67: 350000 | K67: 350000 | L67: 350000 | M67: 350000 | N67: 350000 | O67: 350000 | P67: 350000 | Q67: 350000 | R67: =SUM(E67:Q67) -> 34894515
A68: 66 | B68: 000120 | C68: Bambang Sugiono | D68: PRB | E68: 350000 | F68: 0 | G68: 0 | H68: 0 | I68: 0 | J68: 0 | K68: 0 | L68: 0 | M68: 0 | N68: 0 | O68: 0 | P68: 0 | R68: =SUM(E68:Q68) -> 350000
A69: 67 | B69: 000121 | C69: BAMBANG SUTOMO | D69: SV | E69: 42684477 | F69: 350000 | G69: 350000 | H69: 350000 | I69: 350000 | J69: 350000 | K69: 350000 | L69: 350000 | M69: 350000 | N69: 350000 | O69: 350000 | P69: 350000 | Q69: 350000 | R69: =SUM(E69:Q69) -> 46884477
A70: 68 | B70: 000122 | C70: Bambang Tri Suharto | D70: - | E70: 0 | F70: 0 | G70: 0 | H70: 0 | I70: 0 | J70: 0 | K70: 0 | L70: 0 | M70: 0 | N70: 0 | O70: 0 | P70: 0 | R70: =SUM(E70:Q70) -> 0
A71: 69 | B71: 000123 | C71: BAMBANG WARDOJO | D71: BJ | E71: 20633939 | F71: 150000 | G71: 150000 | H71: 150000 | I71: 150000 | J71: 150000 | K71: 150000 | L71: 150000 | M71: 150000 | N71: 150000 | O71: 150000 | P71: 150000 | Q71: 150000 | R71: =SUM(E71:Q71) -> 22433939
A72: 70 | B72: 000124 | C72: BAMBANG WIJANARKO | D72: SBU ENI | E72: 25614881 | F72: 150000 | G72: 150000 | H72: 150000 | I72: 150000 | J72: 150000 | K72: 150000 | L72: 150000 | M72: 150000 | N72: 150000 | O72: 150000 | P72: 150000 | Q72: 150000 | R72: =SUM(E72:Q72) -> 27414881
A73: 71 | B73: 000125 | C73: BAWA PRASETYO | D73: PK | E73: 4352980 | F73: 0 | G73: 0 | H73: 0 | I73: 0 | J73: 0 | K73: 0 | L73: 0 | M73: 0 | N73: 0 | O73: 0 | P73: 0 | R73: =SUM(E73:Q73) -> 4352980
A74: 72 | B74: 000126 | C74: BENNI HERMAWAN | D74: SD | E74: 38482113 | F74: 500000 | G74: 500000 | H74: 500000 | I74: 500000 | J74: 500000 | K74: 500000 | L74: 500000 | M74: 500000 | N74: 500000 | O74: 500000 | P74: 500000 | Q74: 500000 | R74: =SUM(E74:Q74) -> 44482113
A75: 73 | B75: 000127 | C75: Benny Hosbrantas | D75: BP | E75: 724127 | F75: 0 | G75: 0 | H75: 0 | I75: 0 | J75: 0 | K75: 0 | L75: 0 | M75: 0 | N75: 0 | O75: 0 | P75: 0 | R75: =SUM(E75:Q75) -> 724127
A76: 74 | B76: 000128 | C76: BERMAN SARAGIH | D76: BMC | E76: 21957208 | F76: 150000 | G76: 150000 | H76: 150000 | I76: 150000 | J76: 150000 | K76: 150000 | L76: 150000 | M76: 150000 | N76: 150000 | O76: 150000 | P76: 150000 | Q76: 150000 | R76: =SUM(E76:Q76) -> 23757208
A77: 75 | B77: 000129 | C77: Bogi Akhmad Suendar | D77: BM | E77: 100000 | F77: 0 | G77: 0 | H77: 0 | I77: 0 | J77: 0 | K77: 0 | L77: 0 | M77: 0 | N77: 0 | O77: 0 | P77: 0 | R77: =SUM(E77:Q77) -> 100000
A78: 76 | B78: 000130 | C78: BUDI ISROFI | D78: BM | E78: 31407578 | F78: 350000 | G78: 350000 | H78: 350000 | I78: 350000 | J78: 350000 | K78: 350000 | L78: 350000 | M78: 350000 | N78: 350000 | O78: 350000 | P78: 350000 | Q78: 350000 | R78: =SUM(E78:Q78) -> 35607578
A79: 77 | B79: 000131 | C79: BUDI PRAKOSO | D79: RKRB | E79: 34964030 | F79: 500000 | G79: 500000 | H79: 500000 | I79: 500000 | J79: 500000 | K79: 500000 | L79: 500000 | M79: 500000 | N79: 500000 | O79: 500000 | P79: 500000 | Q79: 500000 | R79: =SUM(E79:Q79) -> 40964030
A80: 78 | B80: 000133 | C80: Budi Setiawan | D80: PU | E80: 0 | F80: 0 | G80: 0 | H80: 0 | I80: 0 | J80: 0 | K80: 0 | L80: 0 | M80: 0 | N80: 0 | O80: 0 | P80: 0 | R80: =SUM(E80:Q80) -> 0
A81: 79 | B81: 000135 | C81: BUDIMAN JOHANSYAH | D81: BPC | E81: 20816599 | F81: 0 | G81: 350000 | H81: 350000 | I81: 350000 | J81: 350000 | K81: 350000 | L81: 350000 | M81: 350000 | N81: 350000 | O81: 350000 | P81: 350000 | Q81: 350000 | R81: =SUM(E81:Q81) -> 24666599
A82: 80 | B82: 000136 | C82: BURHANUDDIN | D82: SBU ENI | E82: 16198751 | F82: 100000 | G82: 100000 | H82: 100000 | I82: 100000 | J82: 100000 | K82: 100000 | L82: 100000 | M82: 100000 | N82: 100000 | O82: 100000 | P82: 100000 | Q82: 100000 | R82: =SUM(E82:Q82) -> 17398751
A83: 81 | B83: 000139 | C83: Catur Achiryanto | D83: MHC | E83: 0 | F83: 0 | G83: 0 | H83: 0 | I83: 0 | J83: 0 | K83: 0 | L83: 0 | M83: 0 | N83: 0 | O83: 0 | P83: 0 | R83: =SUM(E83:Q83) -> 0
A84: 82 | B84: 000140 | C84: Catur Wibowo | D84: SBU ENI | E84: 0 | F84: 0 | G84: 0 | H84: 0 | I84: 0 | J84: 0 | K84: 0 | L84: 0 | M84: 0 | N84: 0 | O84: 0 | P84: 0 | R84: =SUM(E84:Q84) -> 0
A85: 83 | B85: 000141 | C85: Chalis Umar | D85: DP | E85: 3741961 | F85: 0 | G85: 0 | H85: 0 | I85: 0 | J85: 0 | K85: 0 | L85: 0 | M85: 0 | N85: 0 | O85: 0 | P85: 0 | R85: =SUM(E85:Q85) -> 3741961
A86: 84 | B86: 000142 | C86: Dachlius | D86: - | E86: 0 | F86: 0 | G86: 0 | H86: 0 | I86: 0 | J86: 0 | K86: 0 | L86: 0 | M86: 0 | N86: 0 | O86: 0 | P86: 0 | R86: =SUM(E86:Q86) -> 0
A87: 85 | B87: 000143 | C87: DANDY RUKMANA | D87: ACD | E87: 9100000 | F87: 150000 | G87: 150000 | H87: 150000 | I87: 150000 | J87: 150000 | K87: 150000 | L87: 150000 | M87: 150000 | N87: 150000 | O87: 150000 | P87: 150000 | Q87: 150000 | R87: =SUM(E87:Q87) -> 10900000
A88: 86 | B88: 000144 | C88: Dani Maulana | D88: SM | E88: 3417478 | F88: 0 | G88: 0 | H88: 0 | I88: 0 | J88: 0 | K88: 0 | L88: 0 | M88: 0 | N88: 0 | O88: 0 | P88: 0 | R88: =SUM(E88:Q88) -> 3417478
A89: 87 | B89: 000145 | C89: Darma Toding | D89: BT | E89: 145000 | F89: 0 | G89: 0 | H89: 0 | I89: 0 | J89: 0 | K89: 0 | L89: 0 | M89: 0 | N89: 0 | O89: 0 | P89: 0 | R89: =SUM(E89:Q89) -> 145000
A90: 88 | B90: 000148 | C90: DAVID NOER SYUHADA | D90: SV | E90: 18145000 | F90: 350000 | G90: 350000 | H90: 350000 | I90: 350000 | J90: 0 | K90: 0 | L90: 0 | M90: 350000 | N90: 350000 | O90: 350000 | P90: 350000 | Q90: 350000 | R90: =SUM(E90:Q90) -> 21295000
A91: 89 | B91: 000149 | C91: DEDE MA'MUN SUMANTRI | D91: AKP | E91: 39237174 | F91: 250000 | G91: 250000 | H91: 250000 | I91: 250000 | J91: 250000 | K91: 250000 | L91: 250000 | M91: 250000 | N91: 250000 | O91: 250000 | P91: 250000 | Q91: 250000 | R91: =SUM(E91:Q91) -> 42237174
A92: 90 | B92: 000150 | C92: DEDE NANDA S | D92: SD | E92: 9252980 | F92: 0 | G92: 0 | H92: 0 | I92: 0 | J92: 0 | K92: 0 | L92: 0 | M92: 0 | N92: 0 | O92: 0 | P92: 0 | R92: =SUM(E92:Q92) -> 9252980
A93: 91 | B93: 000151 | C93: Dedi Megananda | D93: BM | E93: 350000 | F93: 0 | G93: 0 | H93: 0 | I93: 0 | J93: 0 | K93: 0 | L93: 0 | M93: 0 | N93: 0 | O93: 0 | P93: 0 | R93: =SUM(E93:Q93) -> 350000
A94: 92 | B94: 000152 | C94: DEDY HARYADI | D94: PK | E94: 7746114 | F94: 0 | G94: 0 | H94: 0 | I94: 0 | J94: 0 | K94: 0 | L94: 0 | M94: 0 | N94: 0 | O94: 0 | P94: 0 | R94: =SUM(E94:Q94) -> 7746114
A95: 93 | B95: 000153 | C95: Defri Sumarwan | D95: R&P | E95: 0 | F95: 0 | G95: 0 | H95: 0 | I95: 0 | J95: 0 | K95: 0 | L95: 0 | M95: 0 | N95: 0 | O95: 0 | P95: 0 | R95: =SUM(E95:Q95) -> 0
A96: 94 | B96: 000156 | C96: DERMAWAN | D96: PK | E96: 11460815 | F96: 0 | G96: 0 | H96: 0 | I96: 0 | J96: 0 | K96: 0 | L96: 0 | M96: 0 | N96: 0 | O96: 0 | P96: 0 | R96: =SUM(E96:Q96) -> 11460815
A97: 95 | B97: 000157 | C97: DESI HARDIANAWATI | D97: HCTIO | E97: 25443744 | F97: 150000 | G97: 150000 | H97: 150000 | I97: 150000 | J97: 150000 | K97: 150000 | L97: 150000 | M97: 150000 | N97: 150000 | O97: 150000 | P97: 150000 | Q97: 150000 | R97: =SUM(E97:Q97) -> 27243744
A98: 96 | B98: 000158 | C98: Dian Endang Wahyuni | D98: PB | E98: -100000 | F98: 0 | G98: 0 | H98: 0 | I98: 0 | J98: 0 | K98: 0 | L98: 0 | M98: 0 | N98: 0 | O98: 0 | P98: 0 | R98: =SUM(E98:Q98) -> -100000
A99: 97 | B99: 000160 | C99: DIDI KURNIADI | D99: TP | E99: 46310800 | F99: 350000 | G99: 350000 | H99: 350000 | I99: 350000 | J99: 350000 | K99: 350000 | L99: 0 | M99: -48410800 | N99: 0 | O99: 0 | P99: 0 | R99: =SUM(E99:Q99) -> 0
A100: 98 | B100: 000162 | C100: Diding Suwandi | D100: HCTIO | E100: 59261930 | F100: 350000 | G100: 350000 | H100: 350000 | I100: 350000 | J100: 350000 | K100: 350000 | L100: 350000 | M100: 350000 | N100: 350000 | O100: 0 | P100: 0 | Q100: -62411930 | R100: =SUM(E100:Q100) -> 0
...

Sheet Simpanan Pokok
A1: NO. | B1: NO. ANGGOTA | C1: NAMA ANGGOTA | D1: UNIT KERJA | E1: Pokok 2024 | F1: Transaksi selama 2025 | R1: Saldo 2025
F2: Januari | G2: Februari | H2: Maret | I2: April | J2: Mei | K2: Juni | L2: Juli | M2: Agustus | N2: September | O2: Oktober | P2: November | Q2: Desember
A3: 1 | B3: 000001 | C3: A'AN AGUS FIRMANSYAH | D3: SBC | E3: 5000 | R3: =E3+F3+G3+H3+I3+J3+K3+L3+M3+N3+O3+P3+Q3 -> 5000
A4: =A3+1 -> 2 | B4: 000002 | C4: Abdul Ghofar | D4: DOC | E4: 0 | R4: =E4+F4+G4+H4+I4+J4+K4+L4+M4+N4+O4+P4+Q4 -> 0
A5: =A4+1 -> 3 | B5: 000003 | C5: Abdul Hadi | E5: 0 | R5: =E5+F5+G5+H5+I5+J5+K5+L5+M5+N5+O5+P5+Q5 -> 0
A6: =A5+1 -> 4 | B6: 000006 | C6: ABUKASIM USMAN | D6: SB | E6: 5000 | R6: =E6+F6+G6+H6+I6+J6+K6+L6+M6+N6+O6+P6+Q6 -> 5000
A7: =A6+1 -> 5 | B7: 000009 | C7: Achmad | D7: PUMA | E7: 5000 | P7: -5000 | R7: =E7+F7+G7+H7+I7+J7+K7+L7+M7+N7+O7+P7+Q7 -> 0
A8: =A7+1 -> 6 | B8: 000013 | C8: AKHMAD MUSLIM | D8: HCTIO | E8: 5000 | O8: -5000 | R8: =E8+F8+G8+H8+I8+J8+K8+L8+M8+N8+O8+P8+Q8 -> 0
A9: =A8+1 -> 7 | B9: 000014 | C9: Achmad Suseno | D9: R&P | E9: 0 | R9: =E9+F9+G9+H9+I9+J9+K9+L9+M9+N9+O9+P9+Q9 -> 0
A10: =A9+1 -> 8 | B10: 000015 | C10: ACHMAD TAWAKKAL RAMPA | D10: DOC | E10: 5000 | R10: =E10+F10+G10+H10+I10+J10+K10+L10+M10+N10+O10+P10+Q10 -> 5000
A11: =A10+1 -> 9 | B11: 000018 | C11: Ade Prihadi | D11: CG | E11: 0 | R11: =E11+F11+G11+H11+I11+J11+K11+L11+M11+N11+O11+P11+Q11 -> 0
A12: =A11+1 -> 10 | B12: 000019 | C12: Ade Sugandi | D12: - | E12: 0 | R12: =E12+F12+G12+H12+I12+J12+K12+L12+M12+N12+O12+P12+Q12 -> 0
A13: =A12+1 -> 11 | B13: 000020 | C13: Adhitama Rama | D13: PHP | E13: 0 | R13: =E13+F13+G13+H13+I13+J13+K13+L13+M13+N13+O13+P13+Q13 -> 0
A14: =A13+1 -> 12 | B14: 000021 | C14: Adi Iman Patria | D14: HC&L | E14: 0 | R14: =E14+F14+G14+H14+I14+J14+K14+L14+M14+N14+O14+P14+Q14 -> 0
A15: =A14+1 -> 13 | B15: 000025 | C15: Aditia Warman | D15: - | E15: 0 | R15: =E15+F15+G15+H15+I15+J15+K15+L15+M15+N15+O15+P15+Q15 -> 0
A16: =A15+1 -> 14 | B16: 000026 | C16: ADITYA TRISANDHYA PRAMANA | D16: STA | E16: 5000 | R16: =E16+F16+G16+H16+I16+J16+K16+L16+M16+N16+O16+P16+Q16 -> 5000
A17: =A16+1 -> 15 | B17: 000027 | C17: Afrizal | D17: - | E17: 0 | R17: =E17+F17+G17+H17+I17+J17+K17+L17+M17+N17+O17+P17+Q17 -> 0
A18: =A17+1 -> 16 | B18: 000029 | C18: Agung Budi Arnanto | D18: PU | E18: 0 | R18: =E18+F18+G18+H18+I18+J18+K18+L18+M18+N18+O18+P18+Q18 -> 0
A19: =A18+1 -> 17 | B19: 000030 | C19: Agung Prihanto | D19: HCTIO | E19: 5000 | F19: -5000 | R19: =E19+F19+G19+H19+I19+J19+K19+L19+M19+N19+O19+P19+Q19 -> 0
A20: =A19+1 -> 18 | B20: 000031 | C20: Agung Wicaksono | D20: SB | E20: 0 | R20: =E20+F20+G20+H20+I20+J20+K20+L20+M20+N20+O20+P20+Q20 -> 0
A21: =A20+1 -> 19 | B21: 000032 | C21: Agus Siswoko | D21: PRB | E21: 0 | R21: =E21+F21+G21+H21+I21+J21+K21+L21+M21+N21+O21+P21+Q21 -> 0
A22: =A21+1 -> 20 | B22: 000033 | C22: Agus Salim | D22: PRB | E22: 0 | R22: =E22+F22+G22+H22+I22+J22+K22+L22+M22+N22+O22+P22+Q22 -> 0
A23: =A22+1 -> 21 | B23: 000037 | C23: Agustang | D23: BM | E23: 0 | R23: =E23+F23+G23+H23+I23+J23+K23+L23+M23+N23+O23+P23+Q23 -> 0
A24: =A23+1 -> 22 | B24: 000039 | C24: Ahmad Aliyudin | D24: MHC | E24: 0 | R24: =E24+F24+G24+H24+I24+J24+K24+L24+M24+N24+O24+P24+Q24 -> 0
A25: =A24+1 -> 23 | B25: 000042 | C25: Ahmad Rifaid | D25: PR | E25: 0 | R25: =E25+F25+G25+H25+I25+J25+K25+L25+M25+N25+O25+P25+Q25 -> 0
A26: =A25+1 -> 24 | B26: 000043 | C26: Ahmad Sariful Anwar | D26: PRB | E26: 0 | R26: =E26+F26+G26+H26+I26+J26+K26+L26+M26+N26+O26+P26+Q26 -> 0
A27: =A26+1 -> 25 | B27: 000044 | C27: AHMAD YUNUS | D27: PU | E27: 5000 | R27: =E27+F27+G27+H27+I27+J27+K27+L27+M27+N27+O27+P27+Q27 -> 5000
A28: =A27+1 -> 26 | B28: 000045 | C28: AHMAD ZAKKY | D28: MHC | E28: 0 | R28: =E28+F28+G28+H28+I28+J28+K28+L28+M28+N28+O28+P28+Q28 -> 0
A29: =A28+1 -> 27 | B29: 000048 | C29: AKHMAD MULIADDIN | D29: PBC | E29: 5000 | R29: =E29+F29+G29+H29+I29+J29+K29+L29+M29+N29+O29+P29+Q29 -> 5000
A30: =A29+1 -> 28 | B30: 000052 | C30: Alfonsus Susilarso | D30: SV | E30: 0 | R30: =E30+F30+G30+H30+I30+J30+K30+L30+M30+N30+O30+P30+Q30 -> 0
A31: =A30+1 -> 29 | B31: 000053 | C31: ALI AKBAR BASO | D31: TP | E31: 200000 | M31: 200000 | R31: =E31+F31+G31+H31+I31+J31+K31+L31+M31+N31+O31+P31+Q31 -> 400000
A32: =A31+1 -> 30 | B32: 000056 | C32: Alim Saadi | D32: R&P | E32: 5000 | R32: =E32+F32+G32+H32+I32+J32+K32+L32+M32+N32+O32+P32+Q32 -> 5000
A33: =A32+1 -> 31 | B33: 000059 | C33: ANDI ARDI ABDULLAH | D33: MKSC | E33: 5000 | R33: =E33+F33+G33+H33+I33+J33+K33+L33+M33+N33+O33+P33+Q33 -> 5000
A34: =A33+1 -> 32 | B34: 000060 | C34: Andi Arman | D34: SV | E34: 5000 | R34: =E34+F34+G34+H34+I34+J34+K34+L34+M34+N34+O34+P34+Q34 -> 5000
A35: =A34+1 -> 33 | B35: 000062 | C35: ANDI LAMAPPASESSU | D35: PSMMO | E35: 5000 | R35: =E35+F35+G35+H35+I35+J35+K35+L35+M35+N35+O35+P35+Q35 -> 5000
A36: =A35+1 -> 34 | B36: 000064 | C36: ANDI NURALIM KAMAL | D36: PRB | E36: 5000 | R36: =E36+F36+G36+H36+I36+J36+K36+L36+M36+N36+O36+P36+Q36 -> 5000
A37: =A36+1 -> 35 | B37: 000065 | C37: ANDI P. SIAGIAN | D37: BN | E37: 5000 | R37: =E37+F37+G37+H37+I37+J37+K37+L37+M37+N37+O37+P37+Q37 -> 5000
A38: =A37+1 -> 36 | B38: 000067 | C38: ANDRI SURYAWAN | D38: LC | E38: 5000 | R38: =E38+F38+G38+H38+I38+J38+K38+L38+M38+N38+O38+P38+Q38 -> 5000
A39: =A38+1 -> 37 | B39: 000070 | C39: Anita Magdalena | D39: SPI | E39: 5000 | R39: =E39+F39+G39+H39+I39+J39+K39+L39+M39+N39+O39+P39+Q39 -> 5000
A40: =A39+1 -> 38 | B40: 000071 | C40: ANOGI AKBAR ALI | D40: PSMMO | E40: 5000 | R40: =E40+F40+G40+H40+I40+J40+K40+L40+M40+N40+O40+P40+Q40 -> 5000
A41: =A40+1 -> 39 | B41: 000072 | C41: Antong Goli | D41: PK | E41: 5000 | R41: =E41+F41+G41+H41+I41+J41+K41+L41+M41+N41+O41+P41+Q41 -> 5000
A42: =A41+1 -> 40 | B42: 000075 | C42: Aquarius Setiawan | D42: SBC | E42: 5000 | R42: =E42+F42+G42+H42+I42+J42+K42+L42+M42+N42+O42+P42+Q42 -> 5000
A43: =A42+1 -> 41 | B43: 000076 | C43: ARDHIAN BUDI SULISTIYO | D43: SBU MNO | E43: 10000 | R43: =E43+F43+G43+H43+I43+J43+K43+L43+M43+N43+O43+P43+Q43 -> 10000
... A98: =A97+1 -> 96 | B98: 000158 | C98: Dian Endang Wahyuni | D98: PB | E98: 0 | R98: =E98+F98+G98+H98+I98+J98+K98+L98+M98+N98+O98+P98+Q98 -> 0
A99: =A98+1 -> 97 | B99: 000160 | C99: DIDI KURNIADI | D99: TP | E99: 5000 | M99: -5000 | R99: =E99+F99+G99+H99+I99+J99+K99+L99+M99+N99+O99+P99+Q99 -> 0
A100: =A99+1 -> 98 | B100: 000162 | C100: Diding Suwandi | D100: HCTIO | E100: 5000 | Q100: -5000 | R100: =E100+F100+G100+H100+I100+J100+K100+L100+M100+N100+O100+P100+Q100 -> 0
A101: =A100+1 -> 99 | B101: 000163 | C101: DIDIET EDITHIA FIRMAN | D101: ISPB | E101: 5000 | R101: =E101+F101+G101+H101+I101+J101+K101+L101+M101+N101+O101+P101+Q101 -> 5000
A102: =A101+1 -> 100 | B102: 000164 | C102: DINO VITA LARASANTO | D102: SBU ENI | E102: 5000 | R102: =E102+F102+G102+H102+I102+J102+K102+L102+M102+N102+O102+P102+Q102 -> 5000
A103: =A102+1 -> 101 | B103: 000165 | C103: Dismir Abdoh | D103: - | E103: 0 | R103: =E103+F103+G103+H103+I103+J103+K103+L103+M103+N103+O103+P103+Q103 -> 0
A104: =A103+1 -> 102 | B104: 000166 | C104: Djoko Wahyudi | D104: SR | E104: 0 | R104: =E104+F104+G104+H104+I104+J104+K104+L104+M104+N104+O104+P104+Q104 -> 0
A105: =A104+1 -> 103 | B105: 000167 | C105: DOAN OSCAR DEWANDARU | D105: AB | E105: 5000 | R105: =E105+F105+G105+H105+I105+J105+K105+L105+M105+N105+O105+P105+Q105 -> 5000
A106: =A105+1 -> 104 | B106: 000168 | C106: Dody Setiawan | D106: CG | E106: 0 | R106: =E106+F106+G106+H106+I106+J106+K106+L106+M106+N106+O106+P106+Q106 -> 0
A107: =A106+1 -> 105 | B107: 000169 | C107: Donny S Purba | D107: DP | E107: 5000 | R107: =E107+F107+G107+H107+I107+J107+K107+L107+M107+N107+O107+P107+Q107 -> 5000
A108: =A107+1 -> 106 | B108: 000170 | C108: DONNY S. PURBA | D108: PR | E108: 5000 | R108: =E108+F108+G108+H108+I108+J108+K108+L108+M108+N108+O108+P108+Q108 -> 5000
A109: =A108+1 -> 107 | B109: 000172 | C109: DWIANA GALUH LISTIYARINI | D109: PRB | E109: 5000 | R109: =E109+F109+G109+H109+I109+J109+K109+L109+M109+N109+O109+P109+Q109 -> 5000
A110: =A109+1 -> 108 | B110: 000175 | C110: EDWIN OLAF JULIAN DAMANIK | D110: CG | E110: 5000 | R110: =E110+F110+G110+H110+I110+J110+K110+L110+M110+N110+O110+P110+Q110 -> 5000
A111: =A110+1 -> 109 | B111: 000178 | C111: Edy Sutrisno | D111: PRB | E111: 0 | R111: =E111+F111+G111+H111+I111+J111+K111+L111+M111+N111+O111+P111+Q111 -> 0
A112: =A111+1 -> 110 | B112: 000179 | C112: EKA YUNI ERMAWATI | D112: ST | E112: 5000 | R112: =E112+F112+G112+H112+I112+J112+K112+L112+M112+N112+O112+P112+Q112 -> 5000
A113: =A112+1 -> 111 | B113: 000180 | C113: Eko Buana Putra | D113: BN | E113: 0 | R113: =E113+F113+G113+H113+I113+J113+K113+L113+M113+N113+O113+P113+Q113 -> 0
A114: =A113+1 -> 112 | B114: 000181 | C114: Elis Rosida | D114: PKK | E114: 5000 | N114: -5000 | R114: =E114+F114+G114+H114+I114+J114+K114+L114+M114+N114+O114+P114+Q114 -> 0
A115: =A114+1 -> 113 | B115: 000183 | C115: ELVA MOCHAMAD RAMDHANI | D115: SBU MNO | E115: 5000 | R115: =E115+F115+G115+H115+I115+J115+K115+L115+M115+N115+O115+P115+Q115 -> 5000
A116: =A115+1 -> 114 | B116: 000184 | C116: ENDAH MUSTIKA NINGTIAS | D116: TJSL | E116: 5000 | R116: =E116+F116+G116+H116+I116+J116+K116+L116+M116+N116+O116+P116+Q116 -> 5000
A117: =A116+1 -> 115 | B117: 000187 | C117: Endang W | D117: - | E117: 5000 | R117: =E117+F117+G117+H117+I117+J117+K117+L117+M117+N117+O117+P117+Q117 -> 5000
A118: =A117+1 -> 116 | B118: 000191 | C118: Erlini Agung | D118: KU | E118: 0 | R118: =E118+F118+G118+H118+I118+J118+K118+L118+M118+N118+O118+P118+Q118 -> 0
A119: =A118+1 -> 117 | B119: 000192 | C119: ERRY SANJAYA DJAYUS | D119: SEKPER | E119: 5000 | R119: =E119+F119+G119+H119+I119+J119+K119+L119+M119+N119+O119+P119+Q119 -> 5000
A120: =A119+1 -> 118 | B120: 000194 | C120: Erwin | D120: SBU ENI | E120: 0 | R120: =E120+F120+G120+H120+I120+J120+K120+L120+M120+N120+O120+P120+Q120 -> 0
A121: =A120+1 -> 119 | B121: 000195 | C121: Ery Dani Sampurno | D121: STA | E121: 0 | R121: =E121+F121+G121+H121+I121+J121+K121+L121+M121+N121+O121+P121+Q121 -> 0
A122: =A121+1 -> 120 | B122: 000196 | C122: Efa Rosida Dwi Aditirta | D122: DOK | E122: 0 | R122: =E122+F122+G122+H122+I122+J122+K122+L122+M122+N122+O122+P122+Q122 -> 0
A123: =A122+1 -> 121 | B123: 000197 | C123: EVA SINTAULI SARAGIH | D123: HCTIO | E123: 5000 | R123: =E123+F123+G123+H123+I123+J123+K123+L123+M123+N123+O123+P123+Q123 -> 5000
A124: =A123+1 -> 122 | B124: 000198 | C124: FAHMI | D124: PRB | E124: 5000 | R124: =E124+F124+G124+H124+I124+J124+K124+L124+M124+N124+O124+P124+Q124 -> 5000
A125: =A124+1 -> 123 | B125: 000199 | C125: FAJAR NUGRAHA | D125: HCTIO | E125: 5000 | R125: =E125+F125+G125+H125+I125+J125+K125+L125+M125+N125+O125+P125+Q125 -> 5000
A126: =A125+1 -> 124 | B126: 000201 | C126: Farid Rahman | D126: MRKU | E126: 0 | R126: =E126+F126+G126+H126+I126+J126+K126+L126+M126+N126+O126+P126+Q126 -> 0
... A148: =A147+1 -> 146 | B148: 000233 | C148: HERBERT SIMON HUTAJULU | D148: M&K | E148: 5000 | R148: =E148+F148+G148+H148+I148+J148+K148+L148+M148+N148+O148+P148+Q148 -> 5000
A149: =A148+1 -> 147 | B149: 000234 | C149: HERDIMAN MUSTARI | D149: SD | E149: 5000 | M149: -5000 | R149: =E149+F149+G149+H149+I149+J149+K149+L149+M149+N149+O149+P149+Q149 -> 0
A150: =A149+1 -> 148 | B150: 000235 | C150: Heri Siswanto | D150: PRB | E150: 0 | R150: =E150+F150+G150+H150+I150+J150+K150+L150+M150+N150+O150+P150+Q150 -> 0
A151: =A150+1 -> 149 | B151: 000236 | C151: HERI WIRAWAN | D151: BNC | E151: 5000 | R151: =E151+F151+G151+H151+I151+J151+K151+L151+M151+N151+O151+P151+Q151 -> 5000
A152: =A151+1 -> 150 | B152: 000239 | C152: Herry Sudradjat | D152: DMH | E152: 5000 | R152: =E152+F152+G152+H152+I152+J152+K152+L152+M152+N152+O152+P152+Q152 -> 5000
A153: =A152+1 -> 151 | B153: 000240 | C153: HERU SUSILO BUDIMAN | D153: PRB | E153: 5000 | R153: =E153+F153+G153+H153+I153+J153+K153+L153+M153+N153+O153+P153+Q153 -> 5000
A154: =A153+1 -> 152 | B154: 000242 | C154: HIJRAWATI MUHTAR | D154: PRB | E154: 5000 | R154: =E154+F154+G154+H154+I154+J154+K154+L154+M154+N154+O154+P154+Q154 -> 5000
A155: =A154+1 -> 153 | B155: 000243 | C155: HIMAWAN | D155: M&K | E155: 5000 | R155: =E155+F155+G155+H155+I155+J155+K155+L155+M155+N155+O155+P155+Q155 -> 5000
A156: =A155+1 -> 154 | B156: 000247 | C156: Ika Dian Ariany | D156: SB | E156: 0 | R156: =E156+F156+G156+H156+I156+J156+K156+L156+M156+N156+O156+P156+Q156 -> 0
A157: =A156+1 -> 155 | B157: 000249 | C157: ILHAM SYAHRIR | D157: TP | E157: 5000 | R157: =E157+F157+G157+H157+I157+J157+K157+L157+M157+N157+O157+P157+Q157 -> 5000
A158: =A157+1 -> 156 | B158: 000250 | C158: ILYAS | D158: PUMA | E158: 5000 | R158: =E158+F158+G158+H158+I158+J158+K158+L158+M158+N158+O158+P158+Q158 -> 5000
A159: =A158+1 -> 157 | B159: 000251 | C159: Ilyas Dangkeng | D159: BM | E159: 5000 | R159: =E159+F159+G159+H159+I159+J159+K159+L159+M159+N159+O159+P159+Q159 -> 5000
A160: =A159+1 -> 158 | B160: 000254 | C160: Imam Suhadi | D160: DP | E160: 0 | R160: =E160+F160+G160+H160+I160+J160+K160+L160+M160+N160+O160+P160+Q160 -> 0
A161: =A160+1 -> 159 | B161: 000255 | C161: Imran | D161: SR | E161: 5000 | R161: =E161+F161+G161+H161+I161+J161+K161+L161+M161+N161+O161+P161+Q161 -> 5000
... A184: =A183+1 -> 182 | B184: 000292 | C184: KRISHNA WIJAYADI | D184: PRB | E184: 5000 | R184: =E184+F184+G184+H184+I184+J184+K184+L184+M184+N184+O184+P184+Q184 -> 5000
A185: =A184+1 -> 183 | B185: 000293 | C185: Kurnia Firmansyah | D185: P&KKO | E185: 0 | P185: 200000 | R185: =E185+F185+G185+H185+I185+J185+K185+L185+M185+N185+O185+P185+Q185 -> 200000
A186: =A185+1 -> 184 | B186: 000298 | C186: Lilah Kurnia Sari | D186: SBU ENI | E186: 0 | R186: =E186+F186+G186+H186+I186+J186+K186+L186+M186+N186+O186+P186+Q186 -> 0
A187: =A186+1 -> 185 | B187: 000299 | C187: LILY PANDANSARI | D187: AKP | E187: 5000 | R187: =E187+F187+G187+H187+I187+J187+K187+L187+M187+N187+O187+P187+Q187 -> 5000
A188: =A187+1 -> 186 | B188: 000300 | C188: LINDA KURNIATY | D188: SEKPER | E188: 5000 | R188: =E188+F188+G188+H188+I188+J188+K188+L188+M188+N188+O188+P188+Q188 -> 5000
A189: =A188+1 -> 187 | B189: 000302 | C189: LISA | D189: PR | E189: 5000 | R189: =E189+F189+G189+H189+I189+J189+K189+L189+M189+N189+O189+P189+Q189 -> 5000
A190: =A189+1 -> 188 | B190: 000303 | C190: Lisa Sri Andayani | D190: P&A | E190: 0 | R190: =E190+F190+G190+H190+I190+J190+K190+L190+M190+N190+O190+P190+Q190 -> 0
A191: =A190+1 -> 189 | B191: 000304 | C191: LYZA YUNI SETIAWATI | D191: PSMMO | E191: 5000 | R191: =E191+F191+G191+H191+I191+J191+K191+L191+M191+N191+O191+P191+Q191 -> 5000
A192: =A191+1 -> 190 | B192: 000305 | C192: Lukman Hakim | D192: SV | E192: 5000 | R192: =E192+F192+G192+H192+I192+J192+K192+L192+M192+N192+O192+P192+Q192 -> 5000
A193: =A192+1 -> 191 | B193: 000307 | C193: M Arif Kurniawan | D193: R&P | E193: 0 | R193: =E193+F193+G193+H193+I193+J193+K193+L193+M193+N193+O193+P193+Q193 -> 0
A194: =A193+1 -> 192 | B194: 000308 | C194: M Arif Maulana Wiranegar | D194: SD | E194: 5000 | R194: =E194+F194+G194+H194+I194+J194+K194+L194+M194+N194+O194+P194+Q194 -> 5000
A195: =A194+1 -> 193 | B195: 000309 | C195: MUH. ASPAR | D195: SBU MNO | E195: 0 | R195: =E195+F195+G195+H195+I195+J195+K195+L195+M195+N195+O195+P195+Q195 -> 0
A196: =A195+1 -> 194 | B196: 000310 | C196: M Basarudin Aspahani | D196: M&K | E196: 0 | R196: =E196+F196+G196+H196+I196+J196+K196+L196+M196+N196+O196+P196+Q196 -> 0
A197: =A196+1 -> 195 | B197: 000312 | C197: M Iqbal | D197: PRC | E197: 0 | R197: =E197+F197+G197+H197+I197+J197+K197+L197+M197+N197+O197+P197+Q197 -> 0
...

Sheet Simpanan Khusus
A1: NO. | B1: NO. ANGGOTA | C1: NAMA ANGGOTA | D1: UNIT KERJA | E1: SALDO SIMPANAN KHUSUS 2024 | F1: SALDO 2025 | R1: SALDO 2025
F2: Januari | G2: Februari | H2: Maret | I2: April | J2: Mei | K2: Juni | L2: Juli | M2: Agustus | N2: September | O2: Oktober | P2: November | Q2: Desember
A3: 1 | B3: 000001 | C3: A'AN AGUS FIRMANSYAH | D3: SBC | E3: 0 | R3: =E3+F3+G3+H3+I3+J3+K3+L3+M3+N3+O3+P3+Q3 -> 0
A4: 2 | B4: 000002 | C4: Abdul Ghofar | D4: DOC | E4: 0 | R4: =E4+F4+G4+H4+I4+J4+K4+L4+M4+N4+O4+P4+Q4 -> 0
A5: 3 | B5: 000003 | C5: Abdul Hadi | E5: 0 | R5: =E5+F5+G5+H5+I5+J5+K5+L5+M5+N5+O5+P5+Q5 -> 0
A6: 4 | B6: 000006 | C6: ABUKASIM USMAN | D6: SB | E6: 0 | R6: =E6+F6+G6+H6+I6+J6+K6+L6+M6+N6+O6+P6+Q6 -> 0
A7: 5 | B7: 000009 | C7: Achmad | D7: PUMA | E7: 795000 | P7: -795000 | R7: =E7+F7+G7+H7+I7+J7+K7+L7+M7+N7+O7+P7+Q7 -> 0
A8: 6 | B8: 000013 | C8: AKHMAD MUSLIM | D8: HCTIO | E8: 37500 | O8: -37500 | R8: =E8+F8+G8+H8+I8+J8+K8+L8+M8+N8+O8+P8+Q8 -> 0
A9: 7 | B9: 000014 | C9: Achmad Suseno | D9: R&P | E9: 0 | R9: =E9+F9+G9+H9+I9+J9+K9+L9+M9+N9+O9+P9+Q9 -> 0
A10: 8 | B10: 000015 | C10: ACHMAD TAWAKKAL RAMPA | D10: DOC | E10: 0 | R10: =E10+F10+G10+H10+I10+J10+K10+L10+M10+N10+O10+P10+Q10 -> 0
A11: 9 | B11: 000018 | C11: Ade Prihadi | D11: CG | E11: 0 | R11: =E11+F11+G11+H11+I11+J11+K11+L11+M11+N11+O11+P11+Q11 -> 0
A12: 10 | B12: 000019 | C12: Ade Sugandi | D12: - | E12: 100000 | R12: =E12+F12+G12+H12+I12+J12+K12+L12+M12+N12+O12+P12+Q12 -> 100000
A13: 11 | B13: 000020 | C13: Adhitama Rama | D13: PHP | E13: 0 | R13: =E13+F13+G13+H13+I13+J13+K13+L13+M13+N13+O13+P13+Q13 -> 0
A14: 12 | B14: 000021 | C14: Adi Iman Patria | D14: HC&L | E14: 0 | R14: =E14+F14+G14+H14+I14+J14+K14+L14+M14+N14+O14+P14+Q14 -> 0
A15: 13 | B15: 000025 | C15: Aditia Warman | D15: - | E15: 0 | R15: =E15+F15+G15+H15+I15+J15+K15+L15+M15+N15+O15+P15+Q15 -> 0
A16: 14 | B16: 000026 | C16: ADITYA TRISANDHYA PRAMANA | D16: STA | E16: 0 | R16: =E16+F16+G16+H16+I16+J16+K16+L16+M16+N16+O16+P16+Q16 -> 0
A17: 15 | B17: 000027 | C17: Afrizal | D17: - | E17: 0 | R17: =E17+F17+G17+H17+I17+J17+K17+L17+M17+N17+O17+P17+Q17 -> 0
A18: 16 | B18: 000029 | C18: Agung Budi Arnanto | D18: PU | E18: 0 | R18: =E18+F18+G18+H18+I18+J18+K18+L18+M18+N18+O18+P18+Q18 -> 0
A19: 17 | B19: 000030 | C19: Agung Prihanto | D19: HCTIO | E19: 347500 | F19: -347500 | R19: =E19+F19+G19+H19+I19+J19+K19+L19+M19+N19+O19+P19+Q19 -> 0
A20: 18 | B20: 000031 | C20: Agung Wicaksono | D20: SB | E20: 0 | R20: =E20+F20+G20+H20+I20+J20+K20+L20+M20+N20+O20+P20+Q20 -> 0
A21: 19 | B21: 000032 | C21: Agus Siswoko | D21: PRB | E21: 0 | R21: =E21+F21+G21+H21+I21+J21+K21+L21+M21+N21+O21+P21+Q21 -> 0
A22: 20 | B22: 000033 | C22: Agus Salim | D22: PRB | E22: 0 | R22: =E22+F22+G22+H22+I22+J22+K22+L22+M22+N22+O22+P22+Q22 -> 0
A23: 21 | B23: 000037 | C23: Agustang | D23: BM | E23: 0 | R23: =E23+F23+G23+H23+I23+J23+K23+L23+M23+N23+O23+P23+Q23 -> 0
A24: 22 | B24: 000039 | C24: Ahmad Aliyudin | D24: MHC | E24: 0 | R24: =E24+F24+G24+H24+I24+J24+K24+L24+M24+N24+O24+P24+Q24 -> 0
A25: 23 | B25: 000042 | C25: Ahmad Rifaid | D25: PR | E25: 0 | R25: =E25+F25+G25+H25+I25+J25+K25+L25+M25+N25+O25+P25+Q25 -> 0
A26: 24 | B26: 000043 | C26: Ahmad Sariful Anwar | D26: PRB | E26: 0 | R26: =E26+F26+G26+H26+I26+J26+K26+L26+M26+N26+O26+P26+Q26 -> 0
A27: 25 | B27: 000044 | C27: AHMAD YUNUS | D27: PU | E27: 535000 | R27: =E27+F27+G27+H27+I27+J27+K27+L27+M27+N27+O27+P27+Q27 -> 535000
A28: 26 | B28: 000045 | C28: AHMAD ZAKKY | D28: MHC | E28: 0 | R28: =E28+F28+G28+H28+I28+J28+K28+L28+M28+N28+O28+P28+Q28 -> 0
A29: 27 | B29: 000048 | C29: AKHMAD MULIADDIN | D29: PBC | E29: 0 | R29: =E29+F29+G29+H29+I29+J29+K29+L29+M29+N29+O29+P29+Q29 -> 0
A30: 28 | B30: 000052 | C30: Alfonsus Susilarso | D30: SV | E30: 0 | R30: =E30+F30+G30+H30+I30+J30+K30+L30+M30+N30+O30+P30+Q30 -> 0
A31: 29 | B31: 000053 | C31: ALI AKBAR BASO | D31: TP | E31: 0 | R31: =E31+F31+G31+H31+I31+J31+K31+L31+M31+N31+O31+P31+Q31 -> 0
... A37: 35 | B37: 000065 | C37: ANDI P. SIAGIAN | D37: BN | E37: 0 | R37: =E37+F37+G37+H37+I37+J37+K37+L37+M37+N37+O37+P37+Q37 -> 0
A38: 36 | B38: 000067 | C38: ANDRI SURYAWAN | D38: LC | E38: 650000 | G38: 8333 | I38: 8333 | J38: 25000 | K38: 8333 | L38: 8333 | M38: 8333 | N38: 8333 | O38: =250000+8333 -> 258333 | P38: 8333 | Q38: 8333 | R38: =E38+F38+G38+H38+I38+J38+K38+L38+M38+N38+O38+P38+Q38 -> 999997
A39: 37 | B39: 000070 | C39: Anita Magdalena | D39: SPI | E39: 375000 | R39: =E39+F39+G39+H39+I39+J39+K39+L39+M39+N39+O39+P39+Q39 -> 375000
A40: 38 | B40: 000071 | C40: ANOGI AKBAR ALI | D40: PSMMO | E40: 50000 | R40: =E40+F40+G40+H40+I40+J40+K40+L40+M40+N40+O40+P40+Q40 -> 50000
A41: 39 | B41: 000072 | C41: Antong Goli | D41: PK | E41: 0 | R41: =E41+F41+G41+H41+I41+J41+K41+L41+M41+N41+O41+P41+Q41 -> 0
A42: 40 | B42: 000075 | C42: Aquarius Setiawan | D42: SBC | E42: 0 | R42: =E42+F42+G42+H42+I42+J42+K42+L42+M42+N42+O42+P42+Q42 -> 0
A43: 41 | B43: 000076 | C43: ARDHIAN BUDI SULISTIYO | D43: SBU MNO | E43: 0 | R43: =E43+F43+G43+H43+I43+J43+K43+L43+M43+N43+O43+P43+Q43 -> 0
A44: 42 | B44: 000081 | C44: ARIEF BUDI PERMANA | D44: DOK | E44: 0 | R44: =E44+F44+G44+H44+I44+J44+K44+L44+M44+N44+O44+P44+Q44 -> 0
A45: 43 | B45: 000083 | C45: Arief Nurtjahjo | D45: BM | E45: 0 | R45: =E45+F45+G45+H45+I45+J45+K45+L45+M45+N45+O45+P45+Q45 -> 0
A46: 44 | B46: 000084 | C46: ARIF RACHMAN | D46: SBU ENI | E46: 990000 | N46: 100000 | R46: =E46+F46+G46+H46+I46+J46+K46+L46+M46+N46+O46+P46+Q46 -> 1090000
A47: 45 | B47: 000085 | C47: Arief Sofyan | D47: - | E47: 0 | R47: =E47+F47+G47+H47+I47+J47+K47+L47+M47+N47+O47+P47+Q47 -> 0
A48: 46 | B48: 000086 | C48: ARIEF SULISTIYONO | D48: BJ | E48: 50000 | R48: =E48+F48+G48+H48+I48+J48+K48+L48+M48+N48+O48+P48+Q48 -> 50000
A49: 47 | B49: 000088 | C49: ARIF BIJAKSANA SATRIA NEGARA | D49: BMC | E49: 1310000 | R49: =E49+F49+G49+H49+I49+J49+K49+L49+M49+N49+O49+P49+Q49 -> 1310000
A50: 48 | B50: 000089 | C50: ARIF PURWONO | D50: BM | E50: 0 | R50: =E50+F50+G50+H50+I50+J50+K50+L50+M50+N50+O50+P50+Q50 -> 0
A51: 49 | B51: 000091 | C51: ARIF YUNAEDI | D51: STA | E51: 0 | R51: =E51+F51+G51+H51+I51+J51+K51+L51+M51+N51+O51+P51+Q51 -> 0
A52: 50 | B52: 000094 | C52: ARIFUDDIN | D52: CG | E52: 0 | R52: =E52+F52+G52+H52+I52+J52+K52+L52+M52+N52+O52+P52+Q52 -> 0
A53: 51 | B53: 000095 | C53: Aris Susanto | D53: - | E53: 0 | R53: =E53+F53+G53+H53+I53+J53+K53+L53+M53+N53+O53+P53+Q53 -> 0
A54: 52 | B54: 000096 | C54: ARMINDARY ARIEF | D54: PRB | E54: 0 | R54: =E54+F54+G54+H54+I54+J54+K54+L54+M54+N54+O54+P54+Q54 -> 0
A55: 53 | B55: 000097 | C55: Arsalnan Latif | D55: - | E55: 10000 | R55: =E55+F55+G55+H55+I55+J55+K55+L55+M55+N55+O55+P55+Q55 -> 10000
A56: 54 | B56: 000099 | C56: ARYO SINGGIH | D56: BT | E56: 0 | R56: =E56+F56+G56+H56+I56+J56+K56+L56+M56+N56+O56+P56+Q56 -> 0
A57: 55 | B57: 000100 | C57: Asep Supriatna | D57: SV | E57: 0 | R57: =E57+F57+G57+H57+I57+J57+K57+L57+M57+N57+O57+P57+Q57 -> 0
A58: 56 | B58: 000101 | C58: Asep Sutrisna S | D58: - | E58: 0 | R58: =E58+F58+G58+H58+I58+J58+K58+L58+M58+N58+O58+P58+Q58 -> 0
... A71: 69 | B71: 000123 | C71: BAMBANG WARDOJO | D71: BJ | E71: 0 | R71: =E71+F71+G71+H71+I71+J71+K71+L71+M71+N71+O71+P71+Q71 -> 0
A72: 70 | B72: 000124 | C72: BAMBANG WIJANARKO | D72: SBU ENI | E72: 980000 | I72: 250000 | K72: 100000 | R72: =E72+F72+G72+H72+I72+J72+K72+L72+M72+N72+O72+P72+Q72 -> 1330000
A73: 71 | B73: 000125 | C73: BAWA PRASETYO | D73: PK | E73: 150000 | R73: =E73+F73+G73+H73+I73+J73+K73+L73+M73+N73+O73+P73+Q73 -> 150000
A74: 72 | B74: 000126 | C74: BENNI HERMAWAN | D74: SD | E74: 0 | R74: =E74+F74+G74+H74+I74+J74+K74+L74+M74+N74+O74+P74+Q74 -> 0
A75: 73 | B75: 000127 | C75: Benny Hosbrantas | D75: BP | E75: 71000 | R75: =E75+F75+G75+H75+I75+J75+K75+L75+M75+N75+O75+P75+Q75 -> 71000
A76: 74 | B76: 000128 | C76: BERMAN SARAGIH | D76: BMC | E76: 0 | R76: =E76+F76+G76+H76+I76+J76+K76+L76+M76+N76+O76+P76+Q76 -> 0
A77: 75 | B77: 000129 | C77: Bogi Akhmad Suendar | D77: BM | E77: 0 | R77: =E77+F77+G77+H77+I77+J77+K77+L77+M77+N77+O77+P77+Q77 -> 0
A78: 76 | B78: 000130 | C78: BUDI ISROFI | D78: BM | E78: 0 | R78: =E78+F78+G78+H78+I78+J78+K78+L78+M78+N78+O78+P78+Q78 -> 0
A79: 77 | B79: 000131 | C79: BUDI PRAKOSO | D79: RKRB | E79: 35000 | R79: =E79+F79+G79+H79+I79+J79+K79+L79+M79+N79+O79+P79+Q79 -> 35000
A80: 78 | B80: 000133 | C80: Budi Setiawan | D80: PU | E80: 0 | R80: =E80+F80+G80+H80+I80+J80+K80+L80+M80+N80+O80+P80+Q80 -> 0
A81: 79 | B81: 000135 | C81: BUDIMAN JOHANSYAH | D81: BPC | E81: 75000 | R81: =E81+F81+G81+H81+I81+J81+K81+L81+M81+N81+O81+P81+Q81 -> 75000
A82: 80 | B82: 000136 | C82: BURHANUDDIN | D82: SBU ENI | E82: 1203500 | F82: 100000 | Q82: 100000 | R82: =E82+F82+G82+H82+I82+J82+K82+L82+M82+N82+O82+P82+Q82 -> 1403500
A83: 81 | B83: 000139 | C83: Catur Achiryanto | D83: MHC | E83: 0 | R83: =E83+F83+G83+H83+I83+J83+K83+L83+M83+N83+O83+P83+Q83 -> 0
A84: 82 | B84: 000140 | C84: Catur Wibowo | D84: SBU ENI | E84: 0 | R84: =E84+F84+G84+H84+I84+J84+K84+L84+M84+N84+O84+P84+Q84 -> 0
A85: 83 | B85: 000141 | C85: Chalis Umar | D85: DP | E85: 8100 | R85: =E85+F85+G85+H85+I85+J85+K85+L85+M85+N85+O85+P85+Q85 -> 8100
A86: 84 | B86: 000142 | C86: Dachlius | D86: - | E86: 0 | R86: =E86+F86+G86+H86+I86+J86+K86+L86+M86+N86+O86+P86+Q86 -> 0
A87: 85 | B87: 000143 | C87: DANDY RUKMANA | D87: ACD | E87: 0 | I87: 250000 | R87: =E87+F87+G87+H87+I87+J87+K87+L87+M87+N87+O87+P87+Q87 -> 250000
A88: 86 | B88: 000144 | C88: Dani Maulana | D88: SM | E88: 0 | R88: =E88+F88+G88+H88+I88+J88+K88+L88+M88+N88+O88+P88+Q88 -> 0
A89: 87 | B89: 000145 | C89: Darma Toding | D89: BT | E89: 0 | R89: =E89+F89+G89+H89+I89+J89+K89+L89+M89+N89+O89+P89+Q89 -> 0
A90: 88 | B90: 000148 | C90: DAVID NOER SYUHADA | D90: SV | E90: 25000 | R90: =E90+F90+G90+H90+I90+J90+K90+L90+M90+N90+O90+P90+Q90 -> 25000
A91: 89 | B91: 000149 | C91: DEDE MA'MUN SUMANTRI | D91: AKP | E91: 1277000 | O91: 250000 | R91: =E91+F91+G91+H91+I91+J91+K91+L91+M91+N91+O91+P91+Q91 -> 1527000
A92: 90 | B92: 000150 | C92: DEDE NANDA S | D92: SD | E92: 0 | R92: =E92+F92+G92+H92+I92+J92+K92+L92+M92+N92+O92+P92+Q92 -> 0
A93: 91 | B93: 000151 | C93: Dedi Megananda | D93: BM | E93: 0 | R93: =E93+F93+G93+H93+I93+J93+K93+L93+M93+N93+O93+P93+Q93 -> 0
A94: 92 | B94: 000152 | C94: DEDY HARYADI | D94: PK | E94: 0 | R94: =E94+F94+G94+H94+I94+J94+K94+L94+M94+N94+O94+P94+Q94 -> 0
A95: 93 | B95: 000153 | C95: Defri Sumarwan | D95: R&P | E95: 0 | R95: =E95+F95+G95+H95+I95+J95+K95+L95+M95+N95+O95+P95+Q95 -> 0
A96: 94 | B96: 000156 | C96: DERMAWAN | D96: PK | E96: 0 | R96: =E96+F96+G96+H96+I96+J96+K96+L96+M96+N96+O96+P96+Q96 -> 0
A97: 95 | B97: 000157 | C97: DESI HARDIANAWATI | D97: HCTIO | E97: 810000 | R97: =E97+F97+G97+H97+I97+J97+K97+L97+M97+N97+O97+P97+Q97 -> 810000
A98: 96 | B98: 000158 | C98: Dian Endang Wahyuni | D98: PB | E98: 0 | R98: =E98+F98+G98+H98+I98+J98+K98+L98+M98+N98+O98+P98+Q98 -> 0
A99: 97 | B99: 000160 | C99: DIDI KURNIADI | D99: TP | E99: 85000 | M99: -85000 | R99: =E99+F99+G99+H99+I99+J99+K99+L99+M99+N99+O99+P99+Q99 -> 0
A100: 98 | B100: 000162 | C100: Diding Suwandi | D100: HCTIO | E100: 1103000 | Q100: -1103000 | R100: =E100+F100+G100+H100+I100+J100+K100+L100+M100+N100+O100+P100+Q100 -> 0
A101: 99 | B101: 000163 | C101: DIDIET EDITHIA FIRMAN | D101: ISPB | E101: 220000 | Q101: 100000 | R101: =E101+F101+G101+H101+I101+J101+K101+L101+M101+N101+O101+P101+Q101 -> 320000
A102: 100 | B102: 000164 | C102: DINO VITA LARASANTO | D102: SBU ENI | E102: 910000 | R102: =E102+F102+G102+H102+I102+J102+K102+L102+M102+N102+O102+P102+Q102 -> 910000
A103: 101 | B103: 000165 | C103: Dismir Abdoh | D103: - | E103: 0 | R103: =E103+F103+G103+H103+I103+J103+K103+L103+M103+N103+O103+P103+Q103 -> 0
A104: 102 | B104: 000166 | C104: Djoko Wahyudi | D104: SR | E104: 0 | R104: =E104+F104+G104+H104+I104+J104+K104+L104+M104+N104+O104+P104+Q104 -> 0
A105: 103 | B105: 000167 | C105: DOAN OSCAR DEWANDARU | D105: AB | E105: 40000 | R105: =E105+F105+G105+H105+I105+J105+K105+L105+M105+N105+O105+P105+Q105 -> 40000
A106: 104 | B106: 000168 | C106: Dody Setiawan | D106: CG | E106: 0 | R106: =E106+F106+G106+H106+I106+J106+K106+L106+M106+N106+O106+P106+Q106 -> 0
A107: 105 | B107: 000169 | C107: Donny S Purba | D107: DP | E107: 0 | R107: =E107+F107+G107+H107+I107+J107+K107+L107+M107+N107+O107+P107+Q107 -> 0
A108: 106 | B108: 000170 | C108: DONNY S. PURBA | D108: PR | E108: 0 | R108: =E108+F108+G108+H108+I108+J108+K108+L108+M108+N108+O108+P108+Q108 -> 0
A109: 107 | B109: 000172 | C109: DWIANA GALUH LISTIYARINI | D109: PRB | E109: 0 | R109: =E109+F109+G109+H109+I109+J109+K109+L109+M109+N109+O109+P109+Q109 -> 0
A110: 108 | B110: 000175 | C110: EDWIN OLAF JULIAN DAMANIK | D110: CG | E110: 650000 | R110: =E110+F110+G110+H110+I110+J110+K110+L110+M110+N110+O110+P110+Q110 -> 650000
A111: 109 | B111: 000178 | C111: Edy Sutrisno | D111: PRB | E111: 0 | R111: =E111+F111+G111+H111+I111+J111+K111+L111+M111+N111+O111+P111+Q111 -> 0
A112: 110 | B112: 000179 | C112: EKA YUNI ERMAWATI | D112: ST | E112: 0 | R112: =E112+F112+G112+H112+I112+J112+K112+L112+M112+N112+O112+P112+Q112 -> 0
A113: 111 | B113: 000180 | C113: Eko Buana Putra | D113: BN | E113: 0 | R113: =E113+F113+G113+H113+I113+J113+K113+L113+M113+N113+O113+P113+Q113 -> 0
A114: 112 | B114: 000181 | C114: Elis Rosida | D114: PKK | E114: 1422000 | N114: -1422000 | R114: =E114+F114+G114+H114+I114+J114+K114+L114+M114+N114+O114+P114+Q114 -> 0
A115: 113 | B115: 000183 | C115: ELVA MOCHAMAD RAMDHANI | D115: SBU MNO | E115: 645000 | R115: =E115+F115+G115+H115+I115+J115+K115+L115+M115+N115+O115+P115+Q115 -> 645000
A116: 114 | B116: 000184 | C116: ENDAH MUSTIKA NINGTIAS | D116: TJSL | E116: 670000 | R116: =E116+F116+G116+H116+I116+J116+K116+L116+M116+N116+O116+P116+Q116 -> 670000
A117: 115 | B117: 000187 | C117: Endang W | D117: - | E117: 0 | R117: =E117+F117+G117+H117+I117+J117+K117+L117+M117+N117+O117+P117+Q117 -> 0
...

Sheet Simpanan Sukarela
A1: SIMPANAN SUKARELA 2025
A3: NO. | B3: NO. ANGGOTA | C3: NAMA ANGGOTA | D3: UNIT KERJA | E3: SIMPANAN SUKARELA | F3: SIMPANAN SUKARELA 2025 | R3: SALDO 2025
F4: JANUARI | G4: FEBRUARI | H4: MARET | I4: APRIL | J4: MEI | K4: JUNI | L4: JULI | M4: AGUSTUS | N4: SEPTEMBER | O4: OKTOBER | P4: NOVEMBER | Q4: DESEMBER
A5: 1 | B5: 000001 | C5: A'AN AGUS FIRMANSYAH | D5: SBC | E5: 1997222 | R5: =E5+F5+G5+H5+I5+J5+K5+L5+M5+N5+O5+P5+Q5 -> 1997222
A6: 2 | B6: 000002 | C6: Abdul Ghofar | D6: DOC | E6: 0.40666906 | R6: =E6+F6+G6+H6+I6+J6+K6+L6+M6+N6+O6+P6+Q6 -> 0.40666906
A7: 3 | B7: 000003 | C7: Abdul Hadi | E7: 6155 | R7: =E7+F7+G7+H7+I7+J7+K7+L7+M7+N7+O7+P7+Q7 -> 6155
A8: 4 | B8: 000006 | C8: Abu Kasim Usman | D8: SB | E8: 1217315.7 | R8: =E8+F8+G8+H8+I8+J8+K8+L8+M8+N8+O8+P8+Q8 -> 1217315.7
A9: 5 | B9: 000009 | C9: Achmad | D9: PUMA | E9: 2229525.3 | P9: -2651746 | R9: =E9+F9+G9+H9+I9+J9+K9+L9+M9+N9+O9+P9+Q9 -> -422220.71
A10: 6 | B10: 000013 | C10: AKHMAD MUSLIM | D10: HCTIO | E10: 15062213 | O10: -15861822 | R10: =E10+F10+G10+H10+I10+J10+K10+L10+M10+N10+O10+P10+Q10 -> -799609.19
A11: 7 | B11: 000014 | C11: Achmad Suseno | D11: R&P | E11: 250663.25 | R11: =E11+F11+G11+H11+I11+J11+K11+L11+M11+N11+O11+P11+Q11 -> 250663.25
A12: 8 | B12: 000015 | C12: ACHMAD TAWAKKAL RAMPA | D12: DOC | E12: 5114337.2 | R12: =E12+F12+G12+H12+I12+J12+K12+L12+M12+N12+O12+P12+Q12 -> 5114337.2
A13: 9 | B13: 000018 | C13: Ade Prihadi | D13: CG | E13: 655986 | R13: =E13+F13+G13+H13+I13+J13+K13+L13+M13+N13+O13+P13+Q13 -> 655986
A14: 10 | B14: 000019 | C14: Ade Sugandi | D14: - | E14: 214116.94 | R14: =E14+F14+G14+H14+I14+J14+K14+L14+M14+N14+O14+P14+Q14 -> 214116.94
A15: 11 | B15: 000020 | C15: Adhitama Rama | D15: PHP | E15: 178433 | R15: =E15+F15+G15+H15+I15+J15+K15+L15+M15+N15+O15+P15+Q15 -> 178433
A16: 12 | B16: 000021 | C16: Adi Iman Patria | D16: HC&L | E16: -0.30986904 | R16: =E16+F16+G16+H16+I16+J16+K16+L16+M16+N16+O16+P16+Q16 -> -0.30986904
A17: 13 | B17: 000025 | C17: Aditia Warman | D17: - | E17: 2245019 | R17: =E17+F17+G17+H17+I17+J17+K17+L17+M17+N17+O17+P17+Q17 -> 2245019
A18: 14 | B18: 000026 | C18: ADITYA TRISANDHYA PRAMANA | D18: STA | E18: 4257094.7 | R18: =E18+F18+G18+H18+I18+J18+K18+L18+M18+N18+O18+P18+Q18 -> 4257094.7
A19: 15 | B19: 000027 | C19: Afrizal | D19: - | E19: 131136.88 | R19: =E19+F19+G19+H19+I19+J19+K19+L19+M19+N19+O19+P19+Q19 -> 131136.88
A20: 16 | B20: 000029 | C20: Agung Budi Arnanto | D20: PU | E20: -0.24917701 | R20: =E20+F20+G20+H20+I20+J20+K20+L20+M20+N20+O20+P20+Q20 -> -0.24917701
A21: 17 | B21: 000030 | C21: Agung Prihanto | D21: HCTIO | E21: 11842162 | F21: -11842162 | R21: =E21+F21+G21+H21+I21+J21+K21+L21+M21+N21+O21+P21+Q21 -> -0.35066185
A22: 18 | B22: 000031 | C22: Agung Wicaksono | D22: SB | E22: 944319.45 | R22: =E22+F22+G22+H22+I22+J22+K22+L22+M22+N22+O22+P22+Q22 -> 944319.45
A23: 19 | B23: 000032 | C23: Agus Siswoko | D23: PRB | E23: 6374025 | R23: =E23+F23+G23+H23+I23+J23+K23+L23+M23+N23+O23+P23+Q23 -> 6374025
A24: 20 | B24: 000033 | C24: Agus Salim | D24: PRB | E24: 93974.008 | R24: =E24+F24+G24+H24+I24+J24+K24+L24+M24+N24+O24+P24+Q24 -> 93974.008
A25: 21 | B25: 000037 | C25: Agustang | D25: BM | E25: 10257.863 | R25: =E25+F25+G25+H25+I25+J25+K25+L25+M25+N25+O25+P25+Q25 -> 10257.863
A26: 22 | B26: 000039 | C26: Ahmad Aliyudin | D26: MHC | E26: -0.26117866 | R26: =E26+F26+G26+H26+I26+J26+K26+L26+M26+N26+O26+P26+Q26 -> -0.26117866
A27: 23 | B27: 000042 | C27: Ahmad Rifaid | D27: PR | E27: 0.10110832 | R27: =E27+F27+G27+H27+I27+J27+K27+L27+M27+N27+O27+P27+Q27 -> 0.10110832
A28: 24 | B28: 000043 | C28: Ahmad Sariful Anwar | D28: PRB | E28: 91043.699 | R28: =E28+F28+G28+H28+I28+J28+K28+L28+M28+N28+O28+P28+Q28 -> 91043.699
A29: 25 | B29: 000044 | C29: Ahmad Yunus | D29: PU | E29: 1783497.3 | L29: -235552.22 | R29: =E29+F29+G29+H29+I29+J29+K29+L29+M29+N29+O29+P29+Q29 -> 1547945.1
A30: 26 | B30: 000045 | C30: AHMAD ZAKKY | D30: MHC | E30: 168972.28 | R30: =E30+F30+G30+H30+I30+J30+K30+L30+M30+N30+O30+P30+Q30 -> 168972.28
A31: 27 | B31: 000048 | C31: Akhmad Muliaddin | D31: PBC | E31: 3875093.4 | R31: =E31+F31+G31+H31+I31+J31+K31+L31+M31+N31+O31+P31+Q31 -> 3875093.4
A32: 28 | B32: 000052 | C32: Alfonsus Susilarso | D32: SV | E32: 758204 | R32: =E32+F32+G32+H32+I32+J32+K32+L32+M32+N32+O32+P32+Q32 -> 758204
A33: 29 | B33: 000053 | C33: ALI AKBAR BASO | D33: TP | E33: 287113.34 | R33: =E33+F33+G33+H33+I33+J33+K33+L33+M33+N33+O33+P33+Q33 -> 287113.34
A34: 30 | B34: 000056 | C34: Alim Saadi | D34: R&P | E34: 19727391 | R34: =E34+F34+G34+H34+I34+J34+K34+L34+M34+N34+O34+P34+Q34 -> 19727391
A35: 31 | B35: 000059 | C35: Andi Ardi Abdullah | D35: MKSC | E35: 6717668.7 | R35: =E35+F35+G35+H35+I35+J35+K35+L35+M35+N35+O35+P35+Q35 -> 6717668.7
A36: 32 | B36: 000060 | C36: Andi Arman | D36: SV | E36: 2979690.5 | R36: =E36+F36+G36+H36+I36+J36+K36+L36+M36+N36+O36+P36+Q36 -> 2979690.5
A37: 33 | B37: 000062 | C37: ANDI LAMAPPASESSU | D37: PSMMO | E37: 8565906.7 | R37: =E37+F37+G37+H37+I37+J37+K37+L37+M37+N37+O37+P37+Q37 -> 8565906.7
A38: 34 | B38: 000064 | C38: ANDI NURALIM KAMAL | D38: PRB | E38: 3956525.8 | R38: =E38+F38+G38+H38+I38+J38+K38+L38+M38+N38+O38+P38+Q38 -> 3956525.8
A39: 35 | B39: 000065 | C39: ANDI P. SIAGIAN | D39: BN | E39: 3299412.1 | R39: =E39+F39+G39+H39+I39+J39+K39+L39+M39+N39+O39+P39+Q39 -> 3299412.1
A40: 36 | B40: 000067 | C40: ANDRI SURYAWAN | D40: LC | E40: 2945305.3 | R40: =E40+F40+G40+H40+I40+J40+K40+L40+M40+N40+O40+P40+Q40 -> 2945305.3
A41: 37 | B41: 000070 | C41: Anita Magdalena | D41: SPI | E41: 4081046.1 | R41: =E41+F41+G41+H41+I41+J41+K41+L41+M41+N41+O41+P41+Q41 -> 4081046.1
... A47: 43 | B47: 000083 | C47: ARIEF NURTJAHJO | D47: BM | E47: 3247063 | R47: =E47+F47+G47+H47+I47+J47+K47+L47+M47+N47+O47+P47+Q47 -> 3247063
A48: 44 | B48: 000084 | C48: ARIF RACHMAN | D48: SBU ENI | E48: 770309.5 | L48: -359813.11 | R48: =E48+F48+G48+H48+I48+J48+K48+L48+M48+N48+O48+P48+Q48 -> 410496.38
A49: 45 | B49: 000085 | C49: Arief Sofyan | D49: - | E49: 641073.39 | R49: =E49+F49+G49+H49+I49+J49+K49+L49+M49+N49+O49+P49+Q49 -> 641073.39
A50: 46 | B50: 000086 | C50: ARIEF SULISTIYONO | D50: BJ | E50: 19427158 | R50: =E50+F50+G50+H50+I50+J50+K50+L50+M50+N50+O50+P50+Q50 -> 19427158
A51: 47 | B51: 000088 | C51: ARIF BIJAKSANA SATRIA NEGARA | D51: BMC | E51: 4118217.3 | R51: =E51+F51+G51+H51+I51+J51+K51+L51+M51+N51+O51+P51+Q51 -> 4118217.3
A52: 48 | B52: 000089 | C52: ARIF PURWONO | D52: BM | E52: 115593.92 | R52: =E52+F52+G52+H52+I52+J52+K52+L52+M52+N52+O52+P52+Q52 -> 115593.92
A53: 49 | B53: 000091 | C53: ARIF YUNAEDI | D53: STA | E53: 2074051.6 | R53: =E53+F53+G53+H53+I53+J53+K53+L53+M53+N53+O53+P53+Q53 -> 2074051.6
A54: 50 | B54: 000094 | C54: ARIFUDDIN | D54: CG | E54: 8738803.1 | R54: =E54+F54+G54+H54+I54+J54+K54+L54+M54+N54+O54+P54+Q54 -> 8738803.1
A55: 51 | B55: 000095 | C55: Aris Susanto | D55: - | E55: 366059.09 | R55: =E55+F55+G55+H55+I55+J55+K55+L55+M55+N55+O55+P55+Q55 -> 366059.09
A56: 52 | B56: 000096 | C56: ARMINDARY ARIEF | D56: PRB | E56: 4709402.1 | L56: -644033.54 | R56: =E56+F56+G56+H56+I56+J56+K56+L56+M56+N56+O56+P56+Q56 -> 4065368.6
A57: 53 | B57: 000097 | C57: Arsalnan Latif | D57: - | E57: 615 | R57: =E57+F57+G57+H57+I57+J57+K57+L57+M57+N57+O57+P57+Q57 -> 615
A58: 54 | B58: 000099 | C58: ARYO SINGGIH | D58: BT | E58: 5619075.1 | R58: =E58+F58+G58+H58+I58+J58+K58+L58+M58+N58+O58+P58+Q58 -> 5619075.1
A59: 55 | B59: 000100 | C59: Asep Supriatna | D59: SV | E59: 360016.29 | R59: =E59+F59+G59+H59+I59+J59+K59+L59+M59+N59+O59+P59+Q59 -> 360016.29
A60: 56 | B60: 000101 | C60: Asep Supriatna | D60: - | E60: 2689342 | R60: =E60+F60+G60+H60+I60+J60+K60+L60+M60+N60+O60+P60+Q60 -> 2689342
A61: 57 | B61: 000103 | C61: Atjeh Nahan | D61: DP | E61: 158480 | R61: =E61+F61+G61+H61+I61+J61+K61+L61+M61+N61+O61+P61+Q61 -> 158480
A62: 58 | B62: 000104 | C62: Awan Setiawan | D62: MAC | E62: 9360.4321 | R62: =E62+F62+G62+H62+I62+J62+K62+L62+M62+N62+O62+P62+Q62 -> 9360.4321
A63: 59 | B63: 000111 | C63: Azwar Firly | D63: - | E63: 187636.02 | R63: =E63+F63+G63+H63+I63+J63+K63+L63+M63+N63+O63+P63+Q63 -> 187636.02
A64: 60 | B64: 000112 | C64: Bagyono | D64: SB | E64: 361804.25 | R64: =E64+F64+G64+H64+I64+J64+K64+L64+M64+N64+O64+P64+Q64 -> 361804.25
A65: 61 | B65: 000113 | C65: Bahrun Saad | D65: DOC | E65: -0.34419789 | R65: =E65+F65+G65+H65+I65+J65+K65+L65+M65+N65+O65+P65+Q65 -> -0.34419789
A66: 62 | B66: 000114 | C66: Bakir | D66: SBU ENI | E66: 98501.939 | R66: =E66+F66+G66+H66+I66+J66+K66+L66+M66+N66+O66+P66+Q66 -> 98501.939
A67: 63 | B67: 000116 | C67: Bambang Hariyadi | D67: - | E67: 257415.91 | R67: =E67+F67+G67+H67+I67+J67+K67+L67+M67+N67+O67+P67+Q67 -> 257415.91
A68: 64 | B68: 000117 | C68: Bambang Irwan | D68: CG | E68: 2729941.1 | R68: =E68+F68+G68+H68+I68+J68+K68+L68+M68+N68+O68+P68+Q68 -> 2729941.1
... A77: 73 | B77: 000127 | C77: Benny Hosbrantas | D77: BP | E77: 3473214.9 | R77: =E77+F77+G77+H77+I77+J77+K77+L77+M77+N77+O77+P77+Q77 -> 3473214.9
A78: 74 | B78: 000128 | C78: BERMAN SARAGIH | D78: BMC | E78: 5410693.1 | L78: -414505.25 | R78: =E78+F78+G78+H78+I78+J78+K78+L78+M78+N78+O78+P78+Q78 -> 4996187.8
A79: 75 | B79: 000129 | C79: Bogi Akhmad Suendar | D79: BM | E79: 4103 | R79: =E79+F79+G79+H79+I79+J79+K79+L79+M79+N79+O79+P79+Q79 -> 4103
A80: 76 | B80: 000130 | C80: BUDI ISROFI | D80: BM | E80: 13916182 | R80: =E80+F80+G80+H80+I80+J80+K80+L80+M80+N80+O80+P80+Q80 -> 13916182
A81: 77 | B81: 000131 | C81: BUDI PRAKOSO | D81: RKRB | E81: 10927885 | R81: =E81+F81+G81+H81+I81+J81+K81+L81+M81+N81+O81+P81+Q81 -> 10927885
A82: 78 | B82: 000133 | C82: Budi Setiawan | D82: PU | E82: 129439.66 | R82: =E82+F82+G82+H82+I82+J82+K82+L82+M82+N82+O82+P82+Q82 -> 129439.66
A83: 79 | B83: 000135 | C83: BUDIMAN JOHANSYAH | D83: BPC | E83: 6255673.3 | L83: -411164.29 | R83: =E83+F83+G83+H83+I83+J83+K83+L83+M83+N83+O83+P83+Q83 -> 5844509
A84: 80 | B84: 000136 | C84: Burhanuddin | D84: SBU ENI | E84: 1092341.6 | L84: -280137.58 | R84: =E84+F84+G84+H84+I84+J84+K84+L84+M84+N84+O84+P84+Q84 -> 812204.05
A85: 81 | B85: 000139 | C85: Catur Achiryanto | D85: MHC | E85: 301678.77 | R85: =E85+F85+G85+H85+I85+J85+K85+L85+M85+N85+O85+P85+Q85 -> 301678.77
A86: 82 | B86: 000140 | C86: Catur Wibowo | D86: SBU ENI | E86: -0.38491197 | R86: =E86+F86+G86+H86+I86+J86+K86+L86+M86+N86+O86+P86+Q86 -> -0.38491197
A87: 83 | B87: 000141 | C87: Chalis Umar | D87: DP | E87: 8509881.3 | R87: =E87+F87+G87+H87+I87+J87+K87+L87+M87+N87+O87+P87+Q87 -> 8509881.3
A88: 84 | B88: 000142 | C88: Dachlius | D88: - | E88: 212760 | R88: =E88+F88+G88+H88+I88+J88+K88+L88+M88+N88+O88+P88+Q88 -> 212760
A89: 85 | B89: 000143 | C89: DANDY RUKMANA | D89: ACD | E89: 355462.48 | L89: -146211.76 | R89: =E89+F89+G89+H89+I89+J89+K89+L89+M89+N89+O89+P89+Q89 -> 209250.72
A90: 86 | B90: 000144 | C90: Dani Maulana | D90: SM | E90: 2706538.1 | R90: =E90+F90+G90+H90+I90+J90+K90+L90+M90+N90+O90+P90+Q90 -> 2706538.1
A91: 87 | B91: 000145 | C91: Darma Toding | D91: BT | E91: 609776.88 | R91: =E91+F91+G91+H91+I91+J91+K91+L91+M91+N91+O91+P91+Q91 -> 609776.88
A92: 88 | B92: 000148 | C92: DAVID NOER SYUHADA | D92: SV | E92: 878616.03 | R92: =E92+F92+G92+H92+I92+J92+K92+L92+M92+N92+O92+P92+Q92 -> 878616.03
A93: 89 | B93: 000149 | C93: DEDE MA'MUN SUMANTRI | D93: AKP | E93: 3916195.1 | R93: =E93+F93+G93+H93+I93+J93+K93+L93+M93+N93+O93+P93+Q93 -> 3916195.1
A94: 90 | B94: 000150 | C94: DEDE NANDA S | D94: SD | E94: 4034408.3 | R94: =E94+F94+G94+H94+I94+J94+K94+L94+M94+N94+O94+P94+Q94 -> 4034408.3
A95: 91 | B95: 000151 | C95: Dedi Megananda | D95: BM | E95: -0.35786411 | R95: =E95+F95+G95+H95+I95+J95+K95+L95+M95+N95+O95+P95+Q95 -> -0.35786411
A96: 92 | B96: 000152 | C96: Dedy Haryadi | D96: PK | E96: 5220610.8 | R96: =E96+F96+G96+H96+I96+J96+K96+L96+M96+N96+O96+P96+Q96 -> 5220610.8
A97: 93 | B97: 000153 | C97: Defri Sumarwan | D97: R&P | E97: 127872.24 | R97: =E97+F97+G97+H97+I97+J97+K97+L97+M97+N97+O97+P97+Q97 -> 127872.24
A98: 94 | B98: 000156 | C98: Dermawan | D98: PK | E98: 13884342 | R98: =E98+F98+G98+H98+I98+J98+K98+L98+M98+N98+O98+P98+Q98 -> 13884342
A99: 95 | B99: 000157 | C99: Desi Hardianawati | D99: HCTIO | E99: 2368118.2 | L99: -433493.87 | R99: =E99+F99+G99+H99+I99+J99+K99+L99+M99+N99+O99+P99+Q99 -> 1934624.3
A100: 96 | B100: 000158 | C100: Dian Endang Wahyuni | D100: PB | E100: -0.11474366 | R100: =E100+F100+G100+H100+I100+J100+K100+L100+M100+N100+O100+P100+Q100 -> -0.11474366
A101: 97 | B101: 000160 | C101: DIDI KURNIADI | D101: TP | E101: 8039914.1 | M101: -8857304 | R101: =E101+F101+G101+H101+I101+J101+K101+L101+M101+N101+O101+P101+Q101 -> -817389.89
A102: 98 | B102: 000162 | C102: Diding Suwandi | D102: HCTIO | E102: 5795464.9 | Q102: -6797401 | R102: =E102+F102+G102+H102+I102+J102+K102+L102+M102+N102+O102+P102+Q102 -> -1001936.1
A103: 99 | B103: 000163 | C103: DIDIET EDITHIA FIRMAN | D103: ISPB | E103: 4452782.7 | R103: =E103+F103+G103+H103+I103+J103+K103+L103+M103+N103+O103+P103+Q103 -> 4452782.7
A104: 100 | B104: 000164 | C104: DINO VITA LARASANTO | D104: SBU ENI | E104: 2666764.5 | R104: =E104+F104+G104+H104+I104+J104+K104+L104+M104+N104+O104+P104+Q104 -> 2666764.5
A105: 101 | B105: 000165 | C105: Dismir Abdoh | D105: - | E105: 1762733 | R105: =E105+F105+G105+H105+I105+J105+K105+L105+M105+N105+O105+P105+Q105 -> 1762733
A106: 102 | B106: 000166 | C106: Djoko Wahyudi | D106: SR | E106: 143421.94 | R106: =E106+F106+G106+H106+I106+J106+K106+L106+M106+N106+O106+P106+Q106 -> 143421.94
A107: 103 | B107: 000167 | C107: DOAN OSCAR DEWANDARU | D107: AB | E107: 2105839.6 | R107: =E107+F107+G107+H107+I107+J107+K107+L107+M107+N107+O107+P107+Q107 -> 2105839.6
A108: 104 | B108: 000168 | C108: Dody Setiawan | D108: CG | E108: 780921 | R108: =E108+F108+G108+H108+I108+J108+K108+L108+M108+N108+O108+P108+Q108 -> 780921
A109: 105 | B109: 000169 | C109: DONNY S. PURBA | D109: DP | E109: 28435598 | G109: -28435598 | R109: =E109+F109+G109+H109+I109+J109+K109+L109+M109+N109+O109+P109+Q109 -> -0.077242855
A110: 106 | B110: 000170 | C110: Donny Trisusilo | D110: PR | E110: 13387893 | L110: -805118.8 | R110: =E110+F110+G110+H110+I110+J110+K110+L110+M110+N110+O110+P110+Q110 -> 12582774
A111: 107 | B111: 000172 | C111: DWIANA GALUH LISTIYARINI | D111: PRB | E111: 3518535.6 | L111: -593042.12 | R111: =E111+F111+G111+H111+I111+J111+K111+L111+M111+N111+O111+P111+Q111 -> 2925493.5
A112: 108 | B112: 000175 | C112: EDWIN OLAF JULIAN DAMANIK | D112: CG | E112: 3482005.9 | R112: =E112+F112+G112+H112+I112+J112+K112+L112+M112+N112+O112+P112+Q112 -> 3482005.9
A113: 109 | B113: 000178 | C113: Edy Sutrisno | D113: PRB | E113: 234774.19 | R113: =E113+F113+G113+H113+I113+J113+K113+L113+M113+N113+O113+P113+Q113 -> 234774.19
A114: 110 | B114: 000179 | C114: Eka Yuni Ermawati | D114: ST | E114: 3721789.9 | R114: =E114+F114+G114+H114+I114+J114+K114+L114+M114+N114+O114+P114+Q114 -> 3721789.9
...

Sheet Simpanan Sukarela Berjangka
A1: No | B1: Nama | C1: Tanggal Penyetoran | D1: Tanggal Jatuh Tempo | E1: Penyertaan Modal | F1: Imbal Hasil | G1: Tenor | H1: Imbal Hasil Kotor | I1: PPh 4 Ayat 2 | J1: Imbal Hasil Bersih | K1: Total Setor + Imbal Hasil Bersih | L1: Imbal Bagi Hasil dikembaliakan 2026
A2: 1 | B2: ANOGI AKABR ALI | C2: 45840 | D2: 46024 | E2: 75000000 | F2: 0.075 | G2: 6 | H2: =E2*F2 -> 5625000 | I2: =H2*10% -> 562500 | J2: =H2-I2 -> 5062500 | K2: =E2+J2 -> 80062500
A3: 2 | B3: ROSALINA AMRAN | C3: 45840 | D3: 46024 | E3: 74000000 | F3: 0.07 | G3: 6 | H3: =E3*F3 -> 5180000 | I3: =H3*10% -> 518000 | J3: =H3-I3 -> 4662000 | K3: =E3+J3 -> 78662000
A4: 3 | B4: MUHAMMAD ADITYO NUGROHO | C4: 45840 | D4: 46024 | E4: 55000000 | F4: 0.07 | G4: 6 | H4: =E4*F4 -> 3850000 | I4: =H4*10% -> 385000 | J4: =H4-I4 -> 3465000 | K4: =E4+J4 -> 58465000
A5: 4 | B5: RIANA PATRICIA | C5: 45841 | D5: 46025 | E5: 100000000 | F5: 0.075 | G5: 6 | H5: =E5*F5 -> 7500000 | I5: =H5*10% -> 750000 | J5: =H5-I5 -> 6750000 | K5: =E5+J5 -> 106750000
A6: 5 | B6: WARINI | C6: 45841 | D6: 46025 | E6: 25000000 | F6: 0.065 | G6: 6 | H6: =E6*F6 -> 1625000 | I6: =H6*10% -> 162500 | J6: =H6-I6 -> 1462500 | K6: =E6+J6 -> 26462500
B7: SUGENG YULIANTO | C7: 45897 | D7: 46246 | E7: 200000000 | F7: 0.07 | G7: 12 | H7: =E7*F7 -> 14000000 | I7: =H7*10% -> 1400000 | J7: =H7-I7 -> 12600000 | K7: =E7+J7 -> 212600000
A8: 6 | B8: MUHAMAD SODIK | C8: 45841 | D8: 46025 | E8: 75000000 | F8: 0.075 | G8: 6 | H8: =E8*F8 -> 5625000 | I8: =H8*10% -> 562500 | J8: =H8-I8 -> 5062500 | K8: =E8+J8 -> 80062500
A9: 7 | B9: ANNISYAH FAZRIN | C9: 45938 | D9: 46022 | E9: 250000000 | F9: 0.044444444 | G9: 3 | H9: =E9*F9 -> 11111111 | I9: =H9*10% -> 1111111.1 | J9: =H9-I9 -> 10000000 | K9: =E9+J9 -> 2.6e+08
A10: 8 | B10: MARIYANA ASTRI FANDANI | C10: 45954 | D10: 46318 | E10: 15000000 | F10: 0.07 | G10: 12 | H10: =E10*F10 -> 1050000 | I10: =H10*10% -> 105000 | J10: =H10-I10 -> 945000 | K10: =E10+J10 -> 15945000
A11: 9 | B11: ROSALINA AMRAN | C11: 45954 | D11: 46318 | E11: 35000000 | F11: 0.07 | G11: 12 | H11: =E11*F11 -> 2450000 | I11: =H11*10% -> 245000 | J11: =H11-I11 -> 2205000 | K11: =E11+J11 -> 37205000
A12: 10 | B12: RIMA NOVEDIA BANGUN | C12: 45957 | D12: 46318 | E12: 100000000 | F12: 0.07 | G12: 12 | H12: =E12*F12 -> 7000000 | I12: =H12*10% -> 700000 | J12: =H12-I12 -> 6300000 | K12: =E12+J12 -> 106300000
A13: Total | B13: Total | E13: =SUM(E2:E12) -> 1004000000 | H13: =SUM(H2:H12) -> 65016111 | I13: =SUM(I2:I12) -> 6501611.1 | J13: =SUM(J2:J12) -> 58514500 | K13: =SUM(K2:K12) -> 1.0625145e+09 | L13: =SUM(L2:L12) -> 0
E14: 1004000000 | H14: 65016111 | J14: 58514500
E15: =E13-E14 -> 0 | H15: =H13-H14 -> 0.1 | J15: =J13-J14 -> -0.0099999979
