Workbook
Name List1: #REF!

Sheet Rekap Kalibrasi KPI
E2: Nilai Akrual Insentif | F2: 102901750
A4: DESKRIPSI | C4: PENILAIAN KPI
A5: PENGAWAS KOPERASI | C5: AVG KPI | D5: RATE KPI | E5: GAJI POKOK | F5: TOTAL
A6: 1 | B6: UNTUNG PRASETYO | D6: 1.3 | E6: 1942500 | F6: =D6*E6 -> 2525250
A7: 2 | B7: EVA SINTAULI SARAGIH | D7: 1.3 | E7: 1732500 | F7: =D7*E7 -> 2252250
A8: 3 | B8: SUDIRO | D8: 1.3 | E8: 1732500 | F8: =D8*E8 -> 2252250
A9: PENGURUS KOPERASI
A10: 4 | B10: ADESTA MUNAS LATIEF | D10: 2.3 | E10: 4515000 | F10: =D10*E10 -> 10384500
A11: 5 | B11: MUHAMMAD ADITYO NUGROHO | D11: 2.3 | E11: 4095000 | F11: =D11*E11 -> 9418500
A12: 6 | B12: ANNISYAH FAZRIN | D12: 2.3 | E12: 4095000 | F12: =D12*E12 -> 9418500
A13: PEGAWAI KOPERASI
A14: 7 | B14: Annissa Fadillah | C14: =Annisa!Q9 -> 100.4 | D14: =Annisa!Q10 -> 1.1 | E14: 3362625 | F14: =D14*E14 -> 3698887.5 | G14: 0
A15: 8 | B15: Shaidatun Rohmah | C15: =Shaidatun!Q11 -> 108 | D15: =Shaidatun!Q12 -> 2.2 | E15: 3583125 | F15: =D15*E15 -> 7882875 | G15: 0.0025
A16: 9 | B16: Sudarman | C16: =Sudarman!Q8 -> 108.75 | D16: =Sudarman!Q9 -> 2.2 | E16: 2480625 | F16: =D16*E16 -> 5457375 | G16: 0.0025
A17: 10 | B17: Yosida Isdianawati | C17: =Yosida!Q8 -> 100.5 | D17: =Yosida!Q9 -> 1.1 | E17: 3087000 | F17: =D17*E17 -> 3395700 | G17: 0 | I17: =SUM(C14:C23)/10 -> 104.4855
A18: 11 | B18: Vivi Hazlinda | C18: =Vivi!Q8 -> 105.225 | D18: =Vivi!Q9 -> 1.8 | E18: 3150000 | F18: =D18*E18 -> 5670000 | G18: 0.0025
A19: 12 | B19: Dea Adawiyah | C19: ='Dea A'!R12 -> 106.25 | D19: ='Dea A'!R13 -> 2 | E19: 8983333.3 | F19: =D19*E19 -> 17966667 | G19: 0.02
A20: 13 | B20: Khambali | C20: =Khambali!Q9 -> 108.48 | D20: =Khambali!Q10 -> 2.2 | E20: 2800000 | F20: =D20*E20 -> 6160000 | G20: 0.005
A21: 14 | B21: Dafit | C21: =Dafit!Q9 -> 110 | D21: =Dafit!Q10 -> 2.5 | E21: 1800000 | F21: =D21*E21 -> 4500000 | G21: 0
A22: 15 | B22: Fatah | C22: ='Fattah DP'!Q8 -> 108.25 | D22: ='Fattah DP'!Q9 -> 2.2 | E22: 2450000 | F22: =D22*E22 -> 5390000 | G22: 0.0025
A23: 16 | B23: Ismail | C23: =Ismail!Q9 -> 89 | D23: =Ismail!Q10 -> 0.6 | E23: 2500000 | F23: =D23*E23 -> 1500000 | G23: 0
A24: 17 | B24: Indah | D24: 0.35 | E24: =150000*20 -> 3000000 | F24: =D24*E24 -> 1050000 | G24: 0
A25: 18 | B25: Wanda | D25: 1 | E25: =50000*25 -> 1250000 | F25: =D25*E25 -> 1250000 | G25: 0
F26: =SUM(F6:F25) -> 1.0017275e+08
E27: Sisa | F27: =F2-F26 -> 2728995.8
E28: PPh 21 | F28: ='PPh 21'!M29 -> 2592601.1
E29: Selisih | F29: =F27-F28 -> 136394.69

Sheet PPh 21
B1: PERHITUNGAN PPH 21 TER MASA UNTUK INSENTIF
B4: No. | D4: Nama Karyawan | E4: Status | F4: Kategori | G4: Penghasilan | H4: Tabel Tarif | M4: Jumlah PPh | N4: GAJI JULI | O4: GAJI 13
C5: NPWP | G5: Bruto | H5: Katgr | I5: Katgr | J5: Katgr | L5: TER | Q5: TOTAL
H6: A | I6: B | J6: C
B8: 1 | C8: 3172035105930006 | D8: ANNISA FADHILLAH | E8: TK | F8: =IF(E8="TK","A",IF(E8="TK/1","A",IF(E8="K/0","A",IF(E8="TK/2","B",IF(E8="TK/3","B",IF(E8="K/1","B",IF(E8="K/2","B",IF(E8="K/3","C")))))))) -> A | G8: 3698887.5 | H8: =IF(G8>1400000000,34%,IF(G8>910000000,33%,IF(G8>695000000,32%,IF(G8>550000000,31%,IF(G8>454000000,30%,IF(G8>337000000,29%,IF(G8>206000000,28%,IF(G8>157000000,27%,IF(G8>125000000,26%,IF(G8>103000000,25%,IF(G8>89000000,24%,IF(G8>77500000,23%,IF(G8>68600000,22%,IF(G8>62200000,21%,IF(G8>56300000,20%,IF(G8>51400000,19%,IF(G8>47800000,18%,IF(G8>43850000,17%,IF(G8>39100000,16%,IF(G8>35400000,15%,IF(G8>32400000,14%,IF(G8>30050000,13%,IF(G8>28000000,12%,IF(G8>26450000,11%,IF(G8>24150000,10%,IF(G8>19750000,9%,IF(G8>16950000,8%,IF(G8>15100000,7%,IF(G8>13750000,6%,IF(G8>12500000,5%,IF(G8>11600000,4%,IF(G8>11050000,3.5%,IF(G8>10700000,3%,IF(G8>10350000,2.5%,IF(G8>10050000,2.25%,IF(G8>9650000,2%,IF(G8>8550000,1.75%,IF(G8>7500000,1.5%,IF(G8>6750000,1.25%,IF(G8>6300000,1%,IF(G8>5950000,0.75%,IF(G8>5650000,0.5%,IF(G8>5400000,0.25%,IF(G8>5400000,0%,0%)))))))))))))))))))))))))))))))))))))))))))) -> 0 | I8: =IF(G8>1405000000,34%,IF(G8>957000000,33%,IF(G8>704000000,32%,IF(G8>555000000,31%,IF(G8>459000000,30%,IF(G8>374000000,29%,IF(G8>211000000,28%,IF(G8>163000000,27%,IF(G8>129000000,26%,IF(G8>109000000,25%,IF(G8>93000000,24%,IF(G8>80000000,23%,IF(G8>71000000,22%,IF(G8>64000000,21%,IF(G8>58500000,20%,IF(G8>53800000,19%,IF(G8>49500000,18%,IF(G8>45800000,17%,IF(G8>41100000,16%,IF(G8>37100000,15%,IF(G8>33950000,14%,IF(G8>31450000,13%,IF(G8>29350000,12%,IF(G8>27700000,11%,IF(G8>26000000,10%,IF(G8>21850000,9%,IF(G8>18450000,8%,IF(G8>16400000,7%,IF(G8>14950000,6%,IF(G8>13600000,5%,IF(G8>12600000,4%,IF(G8>11600000,3%,IF(G8>11250000,2.5%,IF(G8>10750000,2%,IF(G8>9200000,1.5%,IF(G8>7300000,1%,IF(G8>6850000,0.75%,IF(G8>6500000,0.5%,IF(G8>6200000,0.25%,IF(G8>6200000,0%,0%)))))))))))))))))))))))))))))))))))))))) -> 0 | J8: =IF(G8>1419000000,34%,IF(G8>965000000,33%,IF(G8>709000000,32%,IF(G8>561000000,31%,IF(G8>463000000,30%,IF(G8>390000000,29%,IF(G8>221000000,28%,IF(G8>169000000,27%,IF(G8>134000000,26%,IF(G8>110000000,25%,IF(G8>95600000,24%,IF(G8>83200000,23%,IF(G8>74500000,22%,IF(G8>66700000,21%,IF(G8>60400000,20%,IF(G8>55800000,19%,IF(G8>51200000,18%,IF(G8>47400000,17%,IF(G8>43000000,16%,IF(G8>38900000,15%,IF(G8>35400000,14%,IF(G8>32600000,13%,IF(G8>30100000,12%,IF(G8>28100000,11%,IF(G8>26600000,10%,IF(G8>22700000,9%,IF(G8>19500000,8%,IF(G8>17050000,7%,IF(G8>15550000,6%,IF(G8>14150000,5%,IF(G8>12950000,4%,IF(G8>12050000,3%,IF(G8>11200000,2%,IF(G8>10950000,1.75%,IF(G8>9800000,1.5%,IF(G8>8850000,1.25%,IF(G8>7800000,1%,IF(G8>7350000,0.75%,IF(G8>6950000,0.5%,IF(G8>6600000,0.25%,IF(G8>6600000,0%,0%))))))))))))))))))))))))))))))))))))))))) -> 0 | L8: =IF(F8="A",H8,IF(F8="B",I8,IF(F8="C",J8))) -> 0 | M8: =G8*L8 -> 0 | Q8: =N8+O8 -> 0
B9: =+B8+1 -> 2 | C9: 3302036709950001 | D9: SHAIDATUN ROHMAH | E9: TK | F9: =IF(E9="TK","A",IF(E9="TK/1","A",IF(E9="K/0","A",IF(E9="TK/2","B",IF(E9="TK/3","B",IF(E9="K/1","B",IF(E9="K/2","B",IF(E9="K/3","C")))))))) -> A | G9: 7882875 | H9: =IF(G9>1400000000,34%,IF(G9>910000000,33%,IF(G9>695000000,32%,IF(G9>550000000,31%,IF(G9>454000000,30%,IF(G9>337000000,29%,IF(G9>206000000,28%,IF(G9>157000000,27%,IF(G9>125000000,26%,IF(G9>103000000,25%,IF(G9>89000000,24%,IF(G9>77500000,23%,IF(G9>68600000,22%,IF(G9>62200000,21%,IF(G9>56300000,20%,IF(G9>51400000,19%,IF(G9>47800000,18%,IF(G9>43850000,17%,IF(G9>39100000,16%,IF(G9>35400000,15%,IF(G9>32400000,14%,IF(G9>30050000,13%,IF(G9>28000000,12%,IF(G9>26450000,11%,IF(G9>24150000,10%,IF(G9>19750000,9%,IF(G9>16950000,8%,IF(G9>15100000,7%,IF(G9>13750000,6%,IF(G9>12500000,5%,IF(G9>11600000,4%,IF(G9>11050000,3.5%,IF(G9>10700000,3%,IF(G9>10350000,2.5%,IF(G9>10050000,2.25%,IF(G9>9650000,2%,IF(G9>8550000,1.75%,IF(G9>7500000,1.5%,IF(G9>6750000,1.25%,IF(G9>6300000,1%,IF(G9>5950000,0.75%,IF(G9>5650000,0.5%,IF(G9>5400000,0.25%,IF(G9>5400000,0%,0%)))))))))))))))))))))))))))))))))))))))))))) -> 0.015 | I9: =IF(G9>1405000000,34%,IF(G9>957000000,33%,IF(G9>704000000,32%,IF(G9>555000000,31%,IF(G9>459000000,30%,IF(G9>374000000,29%,IF(G9>211000000,28%,IF(G9>163000000,27%,IF(G9>129000000,26%,IF(G9>109000000,25%,IF(G9>93000000,24%,IF(G9>80000000,23%,IF(G9>71000000,22%,IF(G9>64000000,21%,IF(G9>58500000,20%,IF(G9>53800000,19%,IF(G9>49500000,18%,IF(G9>45800000,17%,IF(G9>41100000,16%,IF(G9>37100000,15%,IF(G9>33950000,14%,IF(G9>31450000,13%,IF(G9>29350000,12%,IF(G9>27700000,11%,IF(G9>26000000,10%,IF(G9>21850000,9%,IF(G9>18450000,8%,IF(G9>16400000,7%,IF(G9>14950000,6%,IF(G9>13600000,5%,IF(G9>12600000,4%,IF(G9>11600000,3%,IF(G9>11250000,2.5%,IF(G9>10750000,2%,IF(G9>9200000,1.5%,IF(G9>7300000,1%,IF(G9>6850000,0.75%,IF(G9>6500000,0.5%,IF(G9>6200000,0.25%,IF(G9>6200000,0%,0%)))))))))))))))))))))))))))))))))))))))) -> 0.01 | J9: =IF(G9>1419000000,34%,IF(G9>965000000,33%,IF(G9>709000000,32%,IF(G9>561000000,31%,IF(G9>463000000,30%,IF(G9>390000000,29%,IF(G9>221000000,28%,IF(G9>169000000,27%,IF(G9>134000000,26%,IF(G9>110000000,25%,IF(G9>95600000,24%,IF(G9>83200000,23%,IF(G9>74500000,22%,IF(G9>66700000,21%,IF(G9>60400000,20%,IF(G9>55800000,19%,IF(G9>51200000,18%,IF(G9>47400000,17%,IF(G9>43000000,16%,IF(G9>38900000,15%,IF(G9>35400000,14%,IF(G9>32600000,13%,IF(G9>30100000,12%,IF(G9>28100000,11%,IF(G9>26600000,10%,IF(G9>22700000,9%,IF(G9>19500000,8%,IF(G9>17050000,7%,IF(G9>15550000,6%,IF(G9>14150000,5%,IF(G9>12950000,4%,IF(G9>12050000,3%,IF(G9>11200000,2%,IF(G9>10950000,1.75%,IF(G9>9800000,1.5%,IF(G9>8850000,1.25%,IF(G9>7800000,1%,IF(G9>7350000,0.75%,IF(G9>6950000,0.5%,IF(G9>6600000,0.25%,IF(G9>6600000,0%,0%))))))))))))))))))))))))))))))))))))))))) -> 0.01 | L9: =IF(F9="A",H9,IF(F9="B",I9,IF(F9="C",J9))) -> 0.015 | M9: =G9*L9 -> 118243.13 | Q9: =N9+O9 -> 0
B10: =+B9+1 -> 3 | C10: 3275011011680014 | D10: SUDARMAN | E10: K/0 | F10: =IF(E10="TK","A",IF(E10="TK/1","A",IF(E10="K/0","A",IF(E10="TK/2","B",IF(E10="TK/3","B",IF(E10="K/1","B",IF(E10="K/2","B",IF(E10="K/3","C")))))))) -> A | G10: 5457375 | H10: =IF(G10>1400000000,34%,IF(G10>910000000,33%,IF(G10>695000000,32%,IF(G10>550000000,31%,IF(G10>454000000,30%,IF(G10>337000000,29%,IF(G10>206000000,28%,IF(G10>157000000,27%,IF(G10>125000000,26%,IF(G10>103000000,25%,IF(G10>89000000,24%,IF(G10>77500000,23%,IF(G10>68600000,22%,IF(G10>62200000,21%,IF(G10>56300000,20%,IF(G10>51400000,19%,IF(G10>47800000,18%,IF(G10>43850000,17%,IF(G10>39100000,16%,IF(G10>35400000,15%,IF(G10>32400000,14%,IF(G10>30050000,13%,IF(G10>28000000,12%,IF(G10>26450000,11%,IF(G10>24150000,10%,IF(G10>19750000,9%,IF(G10>16950000,8%,IF(G10>15100000,7%,IF(G10>13750000,6%,IF(G10>12500000,5%,IF(G10>11600000,4%,IF(G10>11050000,3.5%,IF(G10>10700000,3%,IF(G10>10350000,2.5%,IF(G10>10050000,2.25%,IF(G10>9650000,2%,IF(G10>8550000,1.75%,IF(G10>7500000,1.5%,IF(G10>6750000,1.25%,IF(G10>6300000,1%,IF(G10>5950000,0.75%,IF(G10>5650000,0.5%,IF(G10>5400000,0.25%,IF(G10>5400000,0%,0%)))))))))))))))))))))))))))))))))))))))))))) -> 0.0025 | I10: =IF(G10>1405000000,34%,IF(G10>957000000,33%,IF(G10>704000000,32%,IF(G10>555000000,31%,IF(G10>459000000,30%,IF(G10>374000000,29%,IF(G10>211000000,28%,IF(G10>163000000,27%,IF(G10>129000000,26%,IF(G10>109000000,25%,IF(G10>93000000,24%,IF(G10>80000000,23%,IF(G10>71000000,22%,IF(G10>64000000,21%,IF(G10>58500000,20%,IF(G10>53800000,19%,IF(G10>49500000,18%,IF(G10>45800000,17%,IF(G10>41100000,16%,IF(G10>37100000,15%,IF(G10>33950000,14%,IF(G10>31450000,13%,IF(G10>29350000,12%,IF(G10>27700000,11%,IF(G10>26000000,10%,IF(G10>21850000,9%,IF(G10>18450000,8%,IF(G10>16400000,7%,IF(G10>14950000,6%,IF(G10>13600000,5%,IF(G10>12600000,4%,IF(G10>11600000,3%,IF(G10>11250000,2.5%,IF(G10>10750000,2%,IF(G10>9200000,1.5%,IF(G10>7300000,1%,IF(G10>6850000,0.75%,IF(G10>6500000,0.5%,IF(G10>6200000,0.25%,IF(G10>6200000,0%,0%)))))))))))))))))))))))))))))))))))))))) -> 0 | J10: =IF(G10>1419000000,34%,IF(G10>965000000,33%,IF(G10>709000000,32%,IF(G10>561000000,31%,IF(G10>463000000,30%,IF(G10>390000000,29%,IF(G10>221000000,28%,IF(G10>169000000,27%,IF(G10>134000000,26%,IF(G10>110000000,25%,IF(G10>95600000,24%,IF(G10>83200000,23%,IF(G10>74500000,22%,IF(G10>66700000,21%,IF(G10>60400000,20%,IF(G10>55800000,19%,IF(G10>51200000,18%,IF(G10>47400000,17%,IF(G10>43000000,16%,IF(G10>38900000,15%,IF(G10>35400000,14%,IF(G10>32600000,13%,IF(G10>30100000,12%,IF(G10>28100000,11%,IF(G10>26600000,10%,IF(G10>22700000,9%,IF(G10>19500000,8%,IF(G10>17050000,7%,IF(G10>15550000,6%,IF(G10>14150000,5%,IF(G10>12950000,4%,IF(G10>12050000,3%,IF(G10>11200000,2%,IF(G10>10950000,1.75%,IF(G10>9800000,1.5%,IF(G10>8850000,1.25%,IF(G10>7800000,1%,IF(G10>7350000,0.75%,IF(G10>6950000,0.5%,IF(G10>6600000,0.25%,IF(G10>6600000,0%,0%))))))))))))))))))))))))))))))))))))))))) -> 0 | L10: =IF(F10="A",H10,IF(F10="B",I10,IF(F10="C",J10))) -> 0.0025 | M10: =G10*L10 -> 13643.438 | Q10: =N10+O10 -> 0
B11: =+B10+1 -> 4 | C11: 3174085610011001 | D11: YOSIDA ISDIANAWATI | E11: TK | F11: =IF(E11="TK","A",IF(E11="TK/1","A",IF(E11="K/0","A",IF(E11="TK/2","B",IF(E11="TK/3","B",IF(E11="K/1","B",IF(E11="K/2","B",IF(E11="K/3","C")))))))) -> A | G11: 3395700 | H11: =IF(G11>1400000000,34%,IF(G11>910000000,33%,IF(G11>695000000,32%,IF(G11>550000000,31%,IF(G11>454000000,30%,IF(G11>337000000,29%,IF(G11>206000000,28%,IF(G11>157000000,27%,IF(G11>125000000,26%,IF(G11>103000000,25%,IF(G11>89000000,24%,IF(G11>77500000,23%,IF(G11>68600000,22%,IF(G11>62200000,21%,IF(G11>56300000,20%,IF(G11>51400000,19%,IF(G11>47800000,18%,IF(G11>43850000,17%,IF(G11>39100000,16%,IF(G11>35400000,15%,IF(G11>32400000,14%,IF(G11>30050000,13%,IF(G11>28000000,12%,IF(G11>26450000,11%,IF(G11>24150000,10%,IF(G11>19750000,9%,IF(G11>16950000,8%,IF(G11>15100000,7%,IF(G11>13750000,6%,IF(G11>12500000,5%,IF(G11>11600000,4%,IF(G11>11050000,3.5%,IF(G11>10700000,3%,IF(G11>10350000,2.5%,IF(G11>10050000,2.25%,IF(G11>9650000,2%,IF(G11>8550000,1.75%,IF(G11>7500000,1.5%,IF(G11>6750000,1.25%,IF(G11>6300000,1%,IF(G11>5950000,0.75%,IF(G11>5650000,0.5%,IF(G11>5400000,0.25%,IF(G11>5400000,0%,0%)))))))))))))))))))))))))))))))))))))))))))) -> 0 | I11: =IF(G11>1405000000,34%,IF(G11>957000000,33%,IF(G11>704000000,32%,IF(G11>555000000,31%,IF(G11>459000000,30%,IF(G11>374000000,29%,IF(G11>211000000,28%,IF(G11>163000000,27%,IF(G11>129000000,26%,IF(G11>109000000,25%,IF(G11>93000000,24%,IF(G11>80000000,23%,IF(G11>71000000,22%,IF(G11>64000000,21%,IF(G11>58500000,20%,IF(G11>53800000,19%,IF(G11>49500000,18%,IF(G11>45800000,17%,IF(G11>41100000,16%,IF(G11>37100000,15%,IF(G11>33950000,14%,IF(G11>31450000,13%,IF(G11>29350000,12%,IF(G11>27700000,11%,IF(G11>26000000,10%,IF(G11>21850000,9%,IF(G11>18450000,8%,IF(G11>16400000,7%,IF(G11>14950000,6%,IF(G11>13600000,5%,IF(G11>12600000,4%,IF(G11>11600000,3%,IF(G11>11250000,2.5%,IF(G11>10750000,2%,IF(G11>9200000,1.5%,IF(G11>7300000,1%,IF(G11>6850000,0.75%,IF(G11>6500000,0.5%,IF(G11>6200000,0.25%,IF(G11>6200000,0%,0%)))))))))))))))))))))))))))))))))))))))) -> 0 | J11: =IF(G11>1419000000,34%,IF(G11>965000000,33%,IF(G11>709000000,32%,IF(G11>561000000,31%,IF(G11>463000000,30%,IF(G11>390000000,29%,IF(G11>221000000,28%,IF(G11>169000000,27%,IF(G11>134000000,26%,IF(G11>110000000,25%,IF(G11>95600000,24%,IF(G11>83200000,23%,IF(G11>74500000,22%,IF(G11>66700000,21%,IF(G11>60400000,20%,IF(G11>55800000,19%,IF(G11>51200000,18%,IF(G11>47400000,17%,IF(G11>43000000,16%,IF(G11>38900000,15%,IF(G11>35400000,14%,IF(G11>32600000,13%,IF(G11>30100000,12%,IF(G11>28100000,11%,IF(G11>26600000,10%,IF(G11>22700000,9%,IF(G11>19500000,8%,IF(G11>17050000,7%,IF(G11>15550000,6%,IF(G11>14150000,5%,IF(G11>12950000,4%,IF(G11>12050000,3%,IF(G11>11200000,2%,IF(G11>10950000,1.75%,IF(G11>9800000,1.5%,IF(G11>8850000,1.25%,IF(G11>7800000,1%,IF(G11>7350000,0.75%,IF(G11>6950000,0.5%,IF(G11>6600000,0.25%,IF(G11>6600000,0%,0%))))))))))))))))))))))))))))))))))))))))) -> 0 | L11: =IF(F11="A",H11,IF(F11="B",I11,IF(F11="C",J11))) -> 0 | M11: =G11*L11 -> 0 | Q11: =N11+O11 -> 0
B12: =+B11+1 -> 5 | C12: 3172046210970009 | D12: VIVI HAZLINDA WIDIAWATI | E12: TK | F12: =IF(E12="TK","A",IF(E12="TK/1","A",IF(E12="K/0","A",IF(E12="TK/2","B",IF(E12="TK/3","B",IF(E12="K/1","B",IF(E12="K/2","B",IF(E12="K/3","C")))))))) -> A | G12: 5670000 | H12: =IF(G12>1400000000,34%,IF(G12>910000000,33%,IF(G12>695000000,32%,IF(G12>550000000,31%,IF(G12>454000000,30%,IF(G12>337000000,29%,IF(G12>206000000,28%,IF(G12>157000000,27%,IF(G12>125000000,26%,IF(G12>103000000,25%,IF(G12>89000000,24%,IF(G12>77500000,23%,IF(G12>68600000,22%,IF(G12>62200000,21%,IF(G12>56300000,20%,IF(G12>51400000,19%,IF(G12>47800000,18%,IF(G12>43850000,17%,IF(G12>39100000,16%,IF(G12>35400000,15%,IF(G12>32400000,14%,IF(G12>30050000,13%,IF(G12>28000000,12%,IF(G12>26450000,11%,IF(G12>24150000,10%,IF(G12>19750000,9%,IF(G12>16950000,8%,IF(G12>15100000,7%,IF(G12>13750000,6%,IF(G12>12500000,5%,IF(G12>11600000,4%,IF(G12>11050000,3.5%,IF(G12>10700000,3%,IF(G12>10350000,2.5%,IF(G12>10050000,2.25%,IF(G12>9650000,2%,IF(G12>8550000,1.75%,IF(G12>7500000,1.5%,IF(G12>6750000,1.25%,IF(G12>6300000,1%,IF(G12>5950000,0.75%,IF(G12>5650000,0.5%,IF(G12>5400000,0.25%,IF(G12>5400000,0%,0%)))))))))))))))))))))))))))))))))))))))))))) -> 0.005 | I12: =IF(G12>1405000000,34%,IF(G12>957000000,33%,IF(G12>704000000,32%,IF(G12>555000000,31%,IF(G12>459000000,30%,IF(G12>374000000,29%,IF(G12>211000000,28%,IF(G12>163000000,27%,IF(G12>129000000,26%,IF(G12>109000000,25%,IF(G12>93000000,24%,IF(G12>80000000,23%,IF(G12>71000000,22%,IF(G12>64000000,21%,IF(G12>58500000,20%,IF(G12>53800000,19%,IF(G12>49500000,18%,IF(G12>45800000,17%,IF(G12>41100000,16%,IF(G12>37100000,15%,IF(G12>33950000,14%,IF(G12>31450000,13%,IF(G12>29350000,12%,IF(G12>27700000,11%,IF(G12>26000000,10%,IF(G12>21850000,9%,IF(G12>18450000,8%,IF(G12>16400000,7%,IF(G12>14950000,6%,IF(G12>13600000,5%,IF(G12>12600000,4%,IF(G12>11600000,3%,IF(G12>11250000,2.5%,IF(G12>10750000,2%,IF(G12>9200000,1.5%,IF(G12>7300000,1%,IF(G12>6850000,0.75%,IF(G12>6500000,0.5%,IF(G12>6200000,0.25%,IF(G12>6200000,0%,0%)))))))))))))))))))))))))))))))))))))))) -> 0 | J12: =IF(G12>1419000000,34%,IF(G12>965000000,33%,IF(G12>709000000,32%,IF(G12>561000000,31%,IF(G12>463000000,30%,IF(G12>390000000,29%,IF(G12>221000000,28%,IF(G12>169000000,27%,IF(G12>134000000,26%,IF(G12>110000000,25%,IF(G12>95600000,24%,IF(G12>83200000,23%,IF(G12>74500000,22%,IF(G12>66700000,21%,IF(G12>60400000,20%,IF(G12>55800000,19%,IF(G12>51200000,18%,IF(G12>47400000,17%,IF(G12>43000000,16%,IF(G12>38900000,15%,IF(G12>35400000,14%,IF(G12>32600000,13%,IF(G12>30100000,12%,IF(G12>28100000,11%,IF(G12>26600000,10%,IF(G12>22700000,9%,IF(G12>19500000,8%,IF(G12>17050000,7%,IF(G12>15550000,6%,IF(G12>14150000,5%,IF(G12>12950000,4%,IF(G12>12050000,3%,IF(G12>11200000,2%,IF(G12>10950000,1.75%,IF(G12>9800000,1.5%,IF(G12>8850000,1.25%,IF(G12>7800000,1%,IF(G12>7350000,0.75%,IF(G12>6950000,0.5%,IF(G12>6600000,0.25%,IF(G12>6600000,0%,0%))))))))))))))))))))))))))))))))))))))))) -> 0 | L12: =IF(F12="A",H12,IF(F12="B",I12,IF(F12="C",J12))) -> 0.005 | M12: =G12*L12 -> 28350 | Q12: =N12+O12 -> 0
B13: =+B12+1 -> 6 | C13: 3175054505000001 | D13: DEA ADAWIYAH | E13: TK | F13: =IF(E13="TK","A",IF(E13="TK/1","A",IF(E13="K/0","A",IF(E13="TK/2","B",IF(E13="TK/3","B",IF(E13="K/1","B",IF(E13="K/2","B",IF(E13="K/3","C")))))))) -> A | G13: 17966667 | H13: =IF(G13>1400000000,34%,IF(G13>910000000,33%,IF(G13>695000000,32%,IF(G13>550000000,31%,IF(G13>454000000,30%,IF(G13>337000000,29%,IF(G13>206000000,28%,IF(G13>157000000,27%,IF(G13>125000000,26%,IF(G13>103000000,25%,IF(G13>89000000,24%,IF(G13>77500000,23%,IF(G13>68600000,22%,IF(G13>62200000,21%,IF(G13>56300000,20%,IF(G13>51400000,19%,IF(G13>47800000,18%,IF(G13>43850000,17%,IF(G13>39100000,16%,IF(G13>35400000,15%,IF(G13>32400000,14%,IF(G13>30050000,13%,IF(G13>28000000,12%,IF(G13>26450000,11%,IF(G13>24150000,10%,IF(G13>19750000,9%,IF(G13>16950000,8%,IF(G13>15100000,7%,IF(G13>13750000,6%,IF(G13>12500000,5%,IF(G13>11600000,4%,IF(G13>11050000,3.5%,IF(G13>10700000,3%,IF(G13>10350000,2.5%,IF(G13>10050000,2.25%,IF(G13>9650000,2%,IF(G13>8550000,1.75%,IF(G13>7500000,1.5%,IF(G13>6750000,1.25%,IF(G13>6300000,1%,IF(G13>5950000,0.75%,IF(G13>5650000,0.5%,IF(G13>5400000,0.25%,IF(G13>5400000,0%,0%)))))))))))))))))))))))))))))))))))))))))))) -> 0.08 | I13: =IF(G13>1405000000,34%,IF(G13>957000000,33%,IF(G13>704000000,32%,IF(G13>555000000,31%,IF(G13>459000000,30%,IF(G13>374000000,29%,IF(G13>211000000,28%,IF(G13>163000000,27%,IF(G13>129000000,26%,IF(G13>109000000,25%,IF(G13>93000000,24%,IF(G13>80000000,23%,IF(G13>71000000,22%,IF(G13>64000000,21%,IF(G13>58500000,20%,IF(G13>53800000,19%,IF(G13>49500000,18%,IF(G13>45800000,17%,IF(G13>41100000,16%,IF(G13>37100000,15%,IF(G13>33950000,14%,IF(G13>31450000,13%,IF(G13>29350000,12%,IF(G13>27700000,11%,IF(G13>26000000,10%,IF(G13>21850000,9%,IF(G13>18450000,8%,IF(G13>16400000,7%,IF(G13>14950000,6%,IF(G13>13600000,5%,IF(G13>12600000,4%,IF(G13>11600000,3%,IF(G13>11250000,2.5%,IF(G13>10750000,2%,IF(G13>9200000,1.5%,IF(G13>7300000,1%,IF(G13>6850000,0.75%,IF(G13>6500000,0.5%,IF(G13>6200000,0.25%,IF(G13>6200000,0%,0%)))))))))))))))))))))))))))))))))))))))) -> 0.07 | J13: =IF(G13>1419000000,34%,IF(G13>965000000,33%,IF(G13>709000000,32%,IF(G13>561000000,31%,IF(G13>463000000,30%,IF(G13>390000000,29%,IF(G13>221000000,28%,IF(G13>169000000,27%,IF(G13>134000000,26%,IF(G13>110000000,25%,IF(G13>95600000,24%,IF(G13>83200000,23%,IF(G13>74500000,22%,IF(G13>66700000,21%,IF(G13>60400000,20%,IF(G13>55800000,19%,IF(G13>51200000,18%,IF(G13>47400000,17%,IF(G13>43000000,16%,IF(G13>38900000,15%,IF(G13>35400000,14%,IF(G13>32600000,13%,IF(G13>30100000,12%,IF(G13>28100000,11%,IF(G13>26600000,10%,IF(G13>22700000,9%,IF(G13>19500000,8%,IF(G13>17050000,7%,IF(G13>15550000,6%,IF(G13>14150000,5%,IF(G13>12950000,4%,IF(G13>12050000,3%,IF(G13>11200000,2%,IF(G13>10950000,1.75%,IF(G13>9800000,1.5%,IF(G13>8850000,1.25%,IF(G13>7800000,1%,IF(G13>7350000,0.75%,IF(G13>6950000,0.5%,IF(G13>6600000,0.25%,IF(G13>6600000,0%,0%))))))))))))))))))))))))))))))))))))))))) -> 0.07 | L13: =IF(F13="A",H13,IF(F13="B",I13,IF(F13="C",J13))) -> 0.08 | M13: =G13*L13 -> 1437333.3 | Q13: =N13+O13 -> 0
B14: =+B13+1 -> 7 | C14: 3327013009890004 | D14: KHAMBALI | E14: K/2 | F14: =IF(E14="TK","A",IF(E14="TK/1","A",IF(E14="K/0","A",IF(E14="TK/2","B",IF(E14="TK/3","B",IF(E14="K/1","B",IF(E14="K/2","B",IF(E14="K/3","C")))))))) -> B | G14: 6160000 | H14: =IF(G14>1400000000,34%,IF(G14>910000000,33%,IF(G14>695000000,32%,IF(G14>550000000,31%,IF(G14>454000000,30%,IF(G14>337000000,29%,IF(G14>206000000,28%,IF(G14>157000000,27%,IF(G14>125000000,26%,IF(G14>103000000,25%,IF(G14>89000000,24%,IF(G14>77500000,23%,IF(G14>68600000,22%,IF(G14>62200000,21%,IF(G14>56300000,20%,IF(G14>51400000,19%,IF(G14>47800000,18%,IF(G14>43850000,17%,IF(G14>39100000,16%,IF(G14>35400000,15%,IF(G14>32400000,14%,IF(G14>30050000,13%,IF(G14>28000000,12%,IF(G14>26450000,11%,IF(G14>24150000,10%,IF(G14>19750000,9%,IF(G14>16950000,8%,IF(G14>15100000,7%,IF(G14>13750000,6%,IF(G14>12500000,5%,IF(G14>11600000,4%,IF(G14>11050000,3.5%,IF(G14>10700000,3%,IF(G14>10350000,2.5%,IF(G14>10050000,2.25%,IF(G14>9650000,2%,IF(G14>8550000,1.75%,IF(G14>7500000,1.5%,IF(G14>6750000,1.25%,IF(G14>6300000,1%,IF(G14>5950000,0.75%,IF(G14>5650000,0.5%,IF(G14>5400000,0.25%,IF(G14>5400000,0%,0%)))))))))))))))))))))))))))))))))))))))))))) -> 0.0075 | I14: =IF(G14>1405000000,34%,IF(G14>957000000,33%,IF(G14>704000000,32%,IF(G14>555000000,31%,IF(G14>459000000,30%,IF(G14>374000000,29%,IF(G14>211000000,28%,IF(G14>163000000,27%,IF(G14>129000000,26%,IF(G14>109000000,25%,IF(G14>93000000,24%,IF(G14>80000000,23%,IF(G14>71000000,22%,IF(G14>64000000,21%,IF(G14>58500000,20%,IF(G14>53800000,19%,IF(G14>49500000,18%,IF(G14>45800000,17%,IF(G14>41100000,16%,IF(G14>37100000,15%,IF(G14>33950000,14%,IF(G14>31450000,13%,IF(G14>29350000,12%,IF(G14>27700000,11%,IF(G14>26000000,10%,IF(G14>21850000,9%,IF(G14>18450000,8%,IF(G14>16400000,7%,IF(G14>14950000,6%,IF(G14>13600000,5%,IF(G14>12600000,4%,IF(G14>11600000,3%,IF(G14>11250000,2.5%,IF(G14>10750000,2%,IF(G14>9200000,1.5%,IF(G14>7300000,1%,IF(G14>6850000,0.75%,IF(G14>6500000,0.5%,IF(G14>6200000,0.25%,IF(G14>6200000,0%,0%)))))))))))))))))))))))))))))))))))))))) -> 0 | J14: =IF(G14>1419000000,34%,IF(G14>965000000,33%,IF(G14>709000000,32%,IF(G14>561000000,31%,IF(G14>463000000,30%,IF(G14>390000000,29%,IF(G14>221000000,28%,IF(G14>169000000,27%,IF(G14>134000000,26%,IF(G14>110000000,25%,IF(G14>95600000,24%,IF(G14>83200000,23%,IF(G14>74500000,22%,IF(G14>66700000,21%,IF(G14>60400000,20%,IF(G14>55800000,19%,IF(G14>51200000,18%,IF(G14>47400000,17%,IF(G14>43000000,16%,IF(G14>38900000,15%,IF(G14>35400000,14%,IF(G14>32600000,13%,IF(G14>30100000,12%,IF(G14>28100000,11%,IF(G14>26600000,10%,IF(G14>22700000,9%,IF(G14>19500000,8%,IF(G14>17050000,7%,IF(G14>15550000,6%,IF(G14>14150000,5%,IF(G14>12950000,4%,IF(G14>12050000,3%,IF(G14>11200000,2%,IF(G14>10950000,1.75%,IF(G14>9800000,1.5%,IF(G14>8850000,1.25%,IF(G14>7800000,1%,IF(G14>7350000,0.75%,IF(G14>6950000,0.5%,IF(G14>6600000,0.25%,IF(G14>6600000,0%,0%))))))))))))))))))))))))))))))))))))))))) -> 0 | L14: =IF(F14="A",H14,IF(F14="B",I14,IF(F14="C",J14))) -> 0 | M14: =G14*L14 -> 0 | Q14: =N14+O14 -> 0
B15: =+B14+1 -> 8 | C15: 3327012002000003 | D15: DAFIT | E15: TK | F15: =IF(E15="TK","A",IF(E15="TK/1","A",IF(E15="K/0","A",IF(E15="TK/2","B",IF(E15="TK/3","B",IF(E15="K/1","B",IF(E15="K/2","B",IF(E15="K/3","C")))))))) -> A | G15: 4500000 | H15: =IF(G15>1400000000,34%,IF(G15>910000000,33%,IF(G15>695000000,32%,IF(G15>550000000,31%,IF(G15>454000000,30%,IF(G15>337000000,29%,IF(G15>206000000,28%,IF(G15>157000000,27%,IF(G15>125000000,26%,IF(G15>103000000,25%,IF(G15>89000000,24%,IF(G15>77500000,23%,IF(G15>68600000,22%,IF(G15>62200000,21%,IF(G15>56300000,20%,IF(G15>51400000,19%,IF(G15>47800000,18%,IF(G15>43850000,17%,IF(G15>39100000,16%,IF(G15>35400000,15%,IF(G15>32400000,14%,IF(G15>30050000,13%,IF(G15>28000000,12%,IF(G15>26450000,11%,IF(G15>24150000,10%,IF(G15>19750000,9%,IF(G15>16950000,8%,IF(G15>15100000,7%,IF(G15>13750000,6%,IF(G15>12500000,5%,IF(G15>11600000,4%,IF(G15>11050000,3.5%,IF(G15>10700000,3%,IF(G15>10350000,2.5%,IF(G15>10050000,2.25%,IF(G15>9650000,2%,IF(G15>8550000,1.75%,IF(G15>7500000,1.5%,IF(G15>6750000,1.25%,IF(G15>6300000,1%,IF(G15>5950000,0.75%,IF(G15>5650000,0.5%,IF(G15>5400000,0.25%,IF(G15>5400000,0%,0%)))))))))))))))))))))))))))))))))))))))))))) -> 0 | I15: =IF(G15>1405000000,34%,IF(G15>957000000,33%,IF(G15>704000000,32%,IF(G15>555000000,31%,IF(G15>459000000,30%,IF(G15>374000000,29%,IF(G15>211000000,28%,IF(G15>163000000,27%,IF(G15>129000000,26%,IF(G15>109000000,25%,IF(G15>93000000,24%,IF(G15>80000000,23%,IF(G15>71000000,22%,IF(G15>64000000,21%,IF(G15>58500000,20%,IF(G15>53800000,19%,IF(G15>49500000,18%,IF(G15>45800000,17%,IF(G15>41100000,16%,IF(G15>37100000,15%,IF(G15>33950000,14%,IF(G15>31450000,13%,IF(G15>29350000,12%,IF(G15>27700000,11%,IF(G15>26000000,10%,IF(G15>21850000,9%,IF(G15>18450000,8%,IF(G15>16400000,7%,IF(G15>14950000,6%,IF(G15>13600000,5%,IF(G15>12600000,4%,IF(G15>11600000,3%,IF(G15>11250000,2.5%,IF(G15>10750000,2%,IF(G15>9200000,1.5%,IF(G15>7300000,1%,IF(G15>6850000,0.75%,IF(G15>6500000,0.5%,IF(G15>6200000,0.25%,IF(G15>6200000,0%,0%)))))))))))))))))))))))))))))))))))))))) -> 0 | J15: =IF(G15>1419000000,34%,IF(G15>965000000,33%,IF(G15>709000000,32%,IF(G15>561000000,31%,IF(G15>463000000,30%,IF(G15>390000000,29%,IF(G15>221000000,28%,IF(G15>169000000,27%,IF(G15>134000000,26%,IF(G15>110000000,25%,IF(G15>95600000,24%,IF(G15>83200000,23%,IF(G15>74500000,22%,IF(G15>66700000,21%,IF(G15>60400000,20%,IF(G15>55800000,19%,IF(G15>51200000,18%,IF(G15>47400000,17%,IF(G15>43000000,16%,IF(G15>38900000,15%,IF(G15>35400000,14%,IF(G15>32600000,13%,IF(G15>30100000,12%,IF(G15>28100000,11%,IF(G15>26600000,10%,IF(G15>22700000,9%,IF(G15>19500000,8%,IF(G15>17050000,7%,IF(G15>15550000,6%,IF(G15>14150000,5%,IF(G15>12950000,4%,IF(G15>12050000,3%,IF(G15>11200000,2%,IF(G15>10950000,1.75%,IF(G15>9800000,1.5%,IF(G15>8850000,1.25%,IF(G15>7800000,1%,IF(G15>7350000,0.75%,IF(G15>6950000,0.5%,IF(G15>6600000,0.25%,IF(G15>6600000,0%,0%))))))))))))))))))))))))))))))))))))))))) -> 0 | L15: =IF(F15="A",H15,IF(F15="B",I15,IF(F15="C",J15))) -> 0 | M15: =G15*L15 -> 0 | Q15: =N15+O15 -> 0
B16: =+B15+1 -> 9 | C16: 3216022608910003 | D16: FATTAH DWI PUTRO H. | E16: TK | F16: =IF(E16="TK","A",IF(E16="TK/1","A",IF(E16="K/0","A",IF(E16="TK/2","B",IF(E16="TK/3","B",IF(E16="K/1","B",IF(E16="K/2","B",IF(E16="K/3","C")))))))) -> A | G16: 5390000 | H16: =IF(G16>1400000000,34%,IF(G16>910000000,33%,IF(G16>695000000,32%,IF(G16>550000000,31%,IF(G16>454000000,30%,IF(G16>337000000,29%,IF(G16>206000000,28%,IF(G16>157000000,27%,IF(G16>125000000,26%,IF(G16>103000000,25%,IF(G16>89000000,24%,IF(G16>77500000,23%,IF(G16>68600000,22%,IF(G16>62200000,21%,IF(G16>56300000,20%,IF(G16>51400000,19%,IF(G16>47800000,18%,IF(G16>43850000,17%,IF(G16>39100000,16%,IF(G16>35400000,15%,IF(G16>32400000,14%,IF(G16>30050000,13%,IF(G16>28000000,12%,IF(G16>26450000,11%,IF(G16>24150000,10%,IF(G16>19750000,9%,IF(G16>16950000,8%,IF(G16>15100000,7%,IF(G16>13750000,6%,IF(G16>12500000,5%,IF(G16>11600000,4%,IF(G16>11050000,3.5%,IF(G16>10700000,3%,IF(G16>10350000,2.5%,IF(G16>10050000,2.25%,IF(G16>9650000,2%,IF(G16>8550000,1.75%,IF(G16>7500000,1.5%,IF(G16>6750000,1.25%,IF(G16>6300000,1%,IF(G16>5950000,0.75%,IF(G16>5650000,0.5%,IF(G16>5400000,0.25%,IF(G16>5400000,0%,0%)))))))))))))))))))))))))))))))))))))))))))) -> 0 | I16: =IF(G16>1405000000,34%,IF(G16>957000000,33%,IF(G16>704000000,32%,IF(G16>555000000,31%,IF(G16>459000000,30%,IF(G16>374000000,29%,IF(G16>211000000,28%,IF(G16>163000000,27%,IF(G16>129000000,26%,IF(G16>109000000,25%,IF(G16>93000000,24%,IF(G16>80000000,23%,IF(G16>71000000,22%,IF(G16>64000000,21%,IF(G16>58500000,20%,IF(G16>53800000,19%,IF(G16>49500000,18%,IF(G16>45800000,17%,IF(G16>41100000,16%,IF(G16>37100000,15%,IF(G16>33950000,14%,IF(G16>31450000,13%,IF(G16>29350000,12%,IF(G16>27700000,11%,IF(G16>26000000,10%,IF(G16>21850000,9%,IF(G16>18450000,8%,IF(G16>16400000,7%,IF(G16>14950000,6%,IF(G16>13600000,5%,IF(G16>12600000,4%,IF(G16>11600000,3%,IF(G16>11250000,2.5%,IF(G16>10750000,2%,IF(G16>9200000,1.5%,IF(G16>7300000,1%,IF(G16>6850000,0.75%,IF(G16>6500000,0.5%,IF(G16>6200000,0.25%,IF(G16>6200000,0%,0%)))))))))))))))))))))))))))))))))))))))) -> 0 | J16: =IF(G16>1419000000,34%,IF(G16>965000000,33%,IF(G16>709000000,32%,IF(G16>561000000,31%,IF(G16>463000000,30%,IF(G16>390000000,29%,IF(G16>221000000,28%,IF(G16>169000000,27%,IF(G16>134000000,26%,IF(G16>110000000,25%,IF(G16>95600000,24%,IF(G16>83200000,23%,IF(G16>74500000,22%,IF(G16>66700000,21%,IF(G16>60400000,20%,IF(G16>55800000,19%,IF(G16>51200000,18%,IF(G16>47400000,17%,IF(G16>43000000,16%,IF(G16>38900000,15%,IF(G16>35400000,14%,IF(G16>32600000,13%,IF(G16>30100000,12%,IF(G16>28100000,11%,IF(G16>26600000,10%,IF(G16>22700000,9%,IF(G16>19500000,8%,IF(G16>17050000,7%,IF(G16>15550000,6%,IF(G16>14150000,5%,IF(G16>12950000,4%,IF(G16>12050000,3%,IF(G16>11200000,2%,IF(G16>10950000,1.75%,IF(G16>9800000,1.5%,IF(G16>8850000,1.25%,IF(G16>7800000,1%,IF(G16>7350000,0.75%,IF(G16>6950000,0.5%,IF(G16>6600000,0.25%,IF(G16>6600000,0%,0%))))))))))))))))))))))))))))))))))))))))) -> 0 | L16: =IF(F16="A",H16,IF(F16="B",I16,IF(F16="C",J16))) -> 0 | M16: =G16*L16 -> 0
B17: =+B16+1 -> 10 | C17: 3174050804980004 | D17: ISMAIL SOLEH BARUS | E17: TK | F17: =IF(E17="TK","A",IF(E17="TK/1","A",IF(E17="K/0","A",IF(E17="TK/2","B",IF(E17="TK/3","B",IF(E17="K/1","B",IF(E17="K/2","B",IF(E17="K/3","C")))))))) -> A | G17: 1500000 | H17: =IF(G17>1400000000,34%,IF(G17>910000000,33%,IF(G17>695000000,32%,IF(G17>550000000,31%,IF(G17>454000000,30%,IF(G17>337000000,29%,IF(G17>206000000,28%,IF(G17>157000000,27%,IF(G17>125000000,26%,IF(G17>103000000,25%,IF(G17>89000000,24%,IF(G17>77500000,23%,IF(G17>68600000,22%,IF(G17>62200000,21%,IF(G17>56300000,20%,IF(G17>51400000,19%,IF(G17>47800000,18%,IF(G17>43850000,17%,IF(G17>39100000,16%,IF(G17>35400000,15%,IF(G17>32400000,14%,IF(G17>30050000,13%,IF(G17>28000000,12%,IF(G17>26450000,11%,IF(G17>24150000,10%,IF(G17>19750000,9%,IF(G17>16950000,8%,IF(G17>15100000,7%,IF(G17>13750000,6%,IF(G17>12500000,5%,IF(G17>11600000,4%,IF(G17>11050000,3.5%,IF(G17>10700000,3%,IF(G17>10350000,2.5%,IF(G17>10050000,2.25%,IF(G17>9650000,2%,IF(G17>8550000,1.75%,IF(G17>7500000,1.5%,IF(G17>6750000,1.25%,IF(G17>6300000,1%,IF(G17>5950000,0.75%,IF(G17>5650000,0.5%,IF(G17>5400000,0.25%,IF(G17>5400000,0%,0%)))))))))))))))))))))))))))))))))))))))))))) -> 0 | I17: =IF(G17>1405000000,34%,IF(G17>957000000,33%,IF(G17>704000000,32%,IF(G17>555000000,31%,IF(G17>459000000,30%,IF(G17>374000000,29%,IF(G17>211000000,28%,IF(G17>163000000,27%,IF(G17>129000000,26%,IF(G17>109000000,25%,IF(G17>93000000,24%,IF(G17>80000000,23%,IF(G17>71000000,22%,IF(G17>64000000,21%,IF(G17>58500000,20%,IF(G17>53800000,19%,IF(G17>49500000,18%,IF(G17>45800000,17%,IF(G17>41100000,16%,IF(G17>37100000,15%,IF(G17>33950000,14%,IF(G17>31450000,13%,IF(G17>29350000,12%,IF(G17>27700000,11%,IF(G17>26000000,10%,IF(G17>21850000,9%,IF(G17>18450000,8%,IF(G17>16400000,7%,IF(G17>14950000,6%,IF(G17>13600000,5%,IF(G17>12600000,4%,IF(G17>11600000,3%,IF(G17>11250000,2.5%,IF(G17>10750000,2%,IF(G17>9200000,1.5%,IF(G17>7300000,1%,IF(G17>6850000,0.75%,IF(G17>6500000,0.5%,IF(G17>6200000,0.25%,IF(G17>6200000,0%,0%)))))))))))))))))))))))))))))))))))))))) -> 0 | J17: =IF(G17>1419000000,34%,IF(G17>965000000,33%,IF(G17>709000000,32%,IF(G17>561000000,31%,IF(G17>463000000,30%,IF(G17>390000000,29%,IF(G17>221000000,28%,IF(G17>169000000,27%,IF(G17>134000000,26%,IF(G17>110000000,25%,IF(G17>95600000,24%,IF(G17>83200000,23%,IF(G17>74500000,22%,IF(G17>66700000,21%,IF(G17>60400000,20%,IF(G17>55800000,19%,IF(G17>51200000,18%,IF(G17>47400000,17%,IF(G17>43000000,16%,IF(G17>38900000,15%,IF(G17>35400000,14%,IF(G17>32600000,13%,IF(G17>30100000,12%,IF(G17>28100000,11%,IF(G17>26600000,10%,IF(G17>22700000,9%,IF(G17>19500000,8%,IF(G17>17050000,7%,IF(G17>15550000,6%,IF(G17>14150000,5%,IF(G17>12950000,4%,IF(G17>12050000,3%,IF(G17>11200000,2%,IF(G17>10950000,1.75%,IF(G17>9800000,1.5%,IF(G17>8850000,1.25%,IF(G17>7800000,1%,IF(G17>7350000,0.75%,IF(G17>6950000,0.5%,IF(G17>6600000,0.25%,IF(G17>6600000,0%,0%))))))))))))))))))))))))))))))))))))))))) -> 0 | L17: =IF(F17="A",H17,IF(F17="B",I17,IF(F17="C",J17))) -> 0 | M17: =G17*L17 -> 0 | Q17: =N17+O17 -> 0
L18: PEMOTONGAN | Q18: =N18+O18 -> 0
B19: 1 | C19: 3172036605990004 | D19: WIDYA INDAH KUSTIANTI | E19: TK | G19: 1050000 | L19: 0.05 | M19: =L19*0.5*G19 -> 26250 | Q19: =N19+O19 -> 0
B20: 2 | C20: 3172035105020006 | D20: DIFA AUREL | L20: 0.05 | M20: =L20*0.5*G20 -> 0
B21: 3 | C21: 3271062606810017 | D21: UNTUNG PRASETYO | E21: K/1 | G21: 2525250 | L21: 0.05 | M21: =L21*0.5*G21 -> 63131.25
B22: 4 | C22: 2171104104759006 | D22: EVA SINTAULI SARAGIH | E22: TK/0 | G22: 2252250 | L22: 0.05 | M22: =L22*0.5*G22 -> 56306.25
B23: 5 | C23: 3216022311840006 | D23: SUDIRO | E23: K/2 | G23: 2252250 | L23: 0.05 | M23: =L23*0.5*G23 -> 56306.25
B24: 6 | C24: 3174012107910002 | D24: ADESTA MUNAS LATIEF | E24: K/2 | G24: 10384500 | L24: 0.05 | M24: =L24*0.5*G24 -> 259612.5
B25: 7 | C25: 3275032706900022 | D25: MUHAMMAD ADITYO NUGROHO | E25: K/2 | G25: 9418500 | L25: 0.05 | M25: =L25*0.5*G25 -> 235462.5
B26: 8 | C26: 3578185905950002 | D26: ANISSYAH FAZRIN | E26: TK | G26: 9418500 | L26: 0.05 | M26: =L26*0.5*G26 -> 235462.5
B27: 9 | C27: 3172035610011002 | D27: WANDA LESTARI | E27: TK | G27: 1250000 | L27: 0.05 | M27: =L27*G27 -> 62500
M28: =R28*0.5*L28 -> 0
C29: TOTAL | G29: =SUM(G8:G28) -> 1.0017275e+08 | J29: TOTAL | M29: =SUM(M8:M28) -> 2592601.1 | N29: =SUM(N8:N27) -> 0 | O29: =SUM(O8:O26) -> 0 | P29: =SUM(P8:P26) -> 0 | Q29: =SUM(Q8:Q26) -> 0
J32: Jakarta, 3 Februari 2026
C33: Mengetahui, | J33: Pembuat Daftar,
C38: ( Dea Adawiyah ) | J38: ( Yosida Isdianawati )

Sheet Dea A
B2: KEY PERFORMANCE INDICATORS: | P2: Hasil Pekerjaan | Q2: SLA | R2: Capaian
B3: 1 | C3: Ketepatan waktu proses pengadaan | P3: Kegiatan | Q3: 2-3 Hari Kerja | R3: 109
B4: 2 | C4: Ketepatan dalam memeriksa dan menyusun dokumen perpajakan | P4: Kegiatan | Q4: 1 Hari Kerja | R4: 98
B5: 3 | C5: Ketepatan dalam pembuatan laporan keuangan dan perpajakan sesuai standar | P5: Dokumen | Q5: 1 Hari Kerja (Setiap tanggal 5) | R5: 108
B6: 4 | C6: Ketepatan waktu dan akurasi penerbitan invoice | P6: Dokumen | Q6: 1 Hari Kerja | R6: 98
B7: 5 | C7: Ketepatan laporan potongan atas pinjaman dan simpanan | P7: Arsip Keuangan | Q7: 1 Hari Kerja | R7: 107
B8: 6 | C8: Melakukan analisa cashflow koperasi | P8: Dokumen | R8: 110
B9: 7 | C9: Pertumbuhan laba Koperasi | R9: 110
B10: 8 | C10: Membuat Laporan RKAP dan Laporan Pertanggung jawaban Tahunan | R10: 110
Q11: TOTAL | R11: =SUM(R3:R10) -> 850
Q12: AVG | R12: =R11/8 -> 106.25
Q13: RATE KPI | R13: =D18 -> 2
Q14: SKALA CAPAIAN | R14: =C16 -> P4
B16: P5 | C16: P4 | H16: P3 | I16: P2 | J16: P1 | P16: P1
B17: 110 | C17: 109,9-108 | D17: 107,9-106 | E17: 105,9-104 | F17: 103,9-102 | G17: 101,9-100,1 | H17: 100 | I17: 99,9-90 | J17: <76 | P17: 89,9-0
B18: 2.5 | C18: 2.2 | D18: 2 | E18: 1.8 | F18: 1.4 | G18: 1.1 | H18: 1 | I18: 0.8 | J18: 0.5 | P18: 0.6
B21: P5 | C21: P4 | G21: P3 | H21: P2 | I21: P1 | O21: P1
B22: 110 | C22: 109,9-108 | D22: 107,9-105 | E22: 104,9-102 | F22: 101,9-100,1 | G22: 100 | H22: 99,9-90 | I22: <76 | O22: 89,9-0
B23: 2.5 | C23: 2.2 | D23: 1.8 | E23: 1.4 | F23: 1.1 | G23: 1 | H23: 0.8 | I23: 0.5 | O23: 0.6

Sheet Fattah DP
B2: KEY PERFORMANCE INDICATORS: | O2: Hasil Pekerjaan | P2: SLA | Q2: Capaian
B3: 1 | C3: Ketepatan waktu proses pengadaan | O3: Kegiatan | P3: 2-3 Hari Kerja | Q3: 106
B4: 2 | C4: Kelengkapan dokumen pengadaan | O4: Dokumen | P4: 1 Hari Kerja | Q4: 108
B5: 3 | C5: Ketepatan laporan pengadaan | O5: Dokumen | P5: 1 Hari Kerja (Setiap tanggal 5) | Q5: 109
B6: 4 | C6: Efisiensi anggaran pembelian | O6: Dokumen | P6: 1 Hari Kerja | Q6: 110
P7: TOTAL | Q7: =SUM(Q3:Q6) -> 433
P8: AVG | Q8: =Q7/4 -> 108.25
P9: RATE KPI | Q9: =C14 -> 2.2
P10: SKALA CAPAIAN | Q10: =C12 -> P4
B12: P5 | C12: P4 | G12: P3 | H12: P2 | I12: P1 | O12: P1
B13: 110 | C13: 109,9-108 | D13: 107,9-105 | E13: 104,9-102 | F13: 101,9-100,1 | G13: 100 | H13: 99,9-90 | I13: <76 | O13: 89,9-0
B14: 2.5 | C14: 2.2 | D14: 1.8 | E14: 1.4 | F14: 1.1 | G14: 1 | H14: 0.8 | I14: 0.5 | O14: 0.6

Sheet Yosida
B2: KEY PERFORMANCE INDICATORS: | O2: Hasil Pekerjaan | P2: SLA | Q2: Capaian
B3: 1 | C3: Ketepatan dalam memeriksa dan menyusun dokumen perpajakan | O3: Kegiatan | P3: 1 Hari Kerja | Q3: 98
B4: 2 | C4: Ketepatan dalam input data | O4: Dokumen | P4: 1 Hari Kerja | Q4: 101
B5: 3 | C5: Keselarasan pajak dengan catatan keuangan | O5: Dokumen | P5: 1 Hari Kerja (Setiap tanggal 5) | Q5: 98
B6: 4 | C6: Kerapihan dan ketersediaan dokumen | O6: Arsip Keuangan | P6: 1 Hari Kerja | Q6: 105
P7: TOTAL | Q7: =SUM(Q3:Q6) -> 402
P8: AVG | Q8: =Q7/4 -> 100.5
P9: RATE KPI | Q9: =F14 -> 1.1
P10: SKALA CAPAIAN | Q10: =C12 -> P4
B12: P5 | C12: P4 | G12: P3 | H12: P2 | I12: P1 | O12: P1
B13: 110 | C13: 109,9-108 | D13: 107,9-105 | E13: 104,9-102 | F13: 101,9-100,1 | G13: 100 | H13: 99,9-90 | I13: <76 | O13: 89,9-0
B14: 2.5 | C14: 2.2 | D14: 1.8 | E14: 1.4 | F14: 1.1 | G14: 1 | H14: 0.8 | I14: 0.5 | O14: 0.6

Sheet Shaidatun
B2: KEY PERFORMANCE INDICATORS: | O2: Hasil Pekerjaan | P2: SLA | Q2: Capaian
B3: 1 | C3: Akurasi Pencatatan Transaksi | O3: Dokumen | P3: 1 Hari Kerja | Q3: 110
B4: 2 | C4: Rekonsiliasi tepat waktu dan sesuai saldo | O4: Dokumen | P4: 1 Hari Kerja | Q4: 110
B5: 3 | C5: Ketepatan dan kelengkapan update kertas kerja | O5: Dokumen | P5: 1 Hari Kerja (Setiap tanggal 5) | Q5: 105.5
B6: 4 | C6: Kerapihan dan ketersediaan dokumen | O6: Dokumen | P6: 1 Hari Kerja | Q6: 109
B7: 5 | C7: Keselarasan pajak dengan catatan keuangan | O7: Dokumen | P7: 1 Hari Kerja (Setiap tanggal 5)
B8: 6 | C8: Ketepatan dalam pembuatan laporan keuangan dan perpajakan sesuai PSAK | O8: Dokumen | P8: 1 Hari Kerja (Setiap tanggal 5) | Q8: 105.5
P10: TOTAL | Q10: =SUM(Q3:Q8) -> 540
P11: AVG | Q11: =Q10/5 -> 108
P12: RATE KPI | Q12: =C17 -> 2.2
P13: SKALA CAPAIAN | Q13: =C15 -> P4
B15: P5 | C15: P4 | G15: P3 | H15: P2 | I15: P1 | O15: P1
B16: 110 | C16: 109,9-108 | D16: 107,9-105 | E16: 104,9-102 | F16: 101,9-100,1 | G16: 100 | H16: 99,9-90 | I16: <76 | O16: 89,9-0
B17: 2.5 | C17: 2.2 | D17: 1.8 | E17: 1.4 | F17: 1.1 | G17: 1 | H17: 0.8 | I17: 0.5 | O17: 0.6

Sheet Vivi
B2: KEY PERFORMANCE INDICATORS: | O2: Hasil Pekerjaan | P2: SLA | Q2: Capaian
B3: 1 | C3: Ketepatan waktu proses pembayaran sesuai SOP | O3: Dokumen | P3: 1 Hari Kerja | Q3: 104.9
B4: 2 | C4: Ketepatan transaksi kas beserta laporan | O4: Dokumen | P4: 1 Hari Kerja | Q4: 105
B5: 3 | C5: Ketepatan laporan potongan atas pinjaman dan simpanan | O5: Dokumen | P5: 1 Hari Kerja (Maks tanggal 15 ) | Q5: 106
B6: 4 | C6: Ketepatan pengelolaan dokumentasi dan arsip | O6: Arsip Keuangan | P6: 1 Hari Kerja | Q6: 105
P7: TOTAL | Q7: =SUM(Q3:Q6) -> 420.9
P8: AVG | Q8: =Q7/4 -> 105.225
P9: RATE KPI | Q9: =D14 -> 1.8
P10: SKALA CAPAIAN | Q10: =C12 -> P4
B12: P5 | C12: P4 | G12: P3 | H12: P2 | I12: P1 | O12: P1
B13: 110 | C13: 109,9-108 | D13: 107,9-105 | E13: 104,9-102 | F13: 101,9-100,1 | G13: 100 | H13: 99,9-90 | I13: <76 | O13: 89,9-0
B14: 2.5 | C14: 2.2 | D14: 1.8 | E14: 1.4 | F14: 1.1 | G14: 1 | H14: 0.8 | I14: 0.5 | O14: 0.6

Sheet Annisa
B2: KEY PERFORMANCE INDICATORS: | O2: Hasil Pekerjaan | P2: SLA | Q2: Capaian
B3: 1 | C3: Ketepatan waktu dan akurasi penerbitan invoice | O3: Dokumen | P3: 1 Hari Kerja | Q3: 93
B4: 2 | C4: Kesesuaian invoice dengan dokumen pendukung | O4: Dokumen | P4: 1 Hari Kerja | Q4: 99
B5: 3 | C5: Ketepatan pencatatan invoice ke sistem | O5: Dokumen | P5: 1 Hari Kerja | Q5: 99
B6: 4 | C6: Ketepatan monitoring status invoice | O6: Dokumen | P6: 1 Hari Kerja | Q6: 105
B7: 5 | C7: Kerapihan dan kelengkapan arsip invoice | O7: Arsip Keuangan | P7: 1 Hari Kerja | Q7: 106
P8: TOTAL | Q8: =SUM(Q3:Q7) -> 502
P9: AVG | Q9: =Q8/5 -> 100.4
P10: RATE KPI | Q10: =F15 -> 1.1
P11: SKALA CAPAIAN | Q11: =C13 -> P4
B13: P5 | C13: P4 | G13: P3 | H13: P2 | I13: P1 | O13: P1
B14: 110 | C14: 109,9-108 | D14: 107,9-105 | E14: 104,9-102 | F14: 101,9-100,1 | G14: 100 | H14: 99,9-90 | I14: <76 | O14: 89,9-0
B15: 2.5 | C15: 2.2 | D15: 1.8 | E15: 1.4 | F15: 1.1 | G15: 1 | H15: 0.8 | I15: 0.5 | O15: 0.6

Sheet Sudarman
B2: KEY PERFORMANCE INDICATORS: | O2: Hasil Pekerjaan | P2: SLA | Q2: Capaian
B3: 1 | C3: Ketepatan waktu penjemputan dan pengantaran mobil service | O3: Kegiatan | P3: 1 Hari Kerja | Q3: 110
B4: 2 | C4: Kepatuhan dan sikap pelayanan kepada klien | O4: Kegiatan | P4: 1 Hari Kerja | Q4: 108
B5: 3 | C5: Ketelitian pemeriksaan kendaraan | O5: Kegiatan | P5: 1 Hari Kerja | Q5: 109
B6: 4 | C6: Pelaporan dan pencatatan kendaraan | O6: Dokumen | P6: 1 Hari Kerja | Q6: 108
P7: TOTAL | Q7: =SUM(Q2:Q6) -> 435
P8: AVG | Q8: =Q7/4 -> 108.75
P9: RATE KPI | Q9: =C15 -> 2.2
P10: SKALA CAPAIAN | Q10: =C13 -> P4
B13: P5 | C13: P4 | G13: P3 | H13: P2 | I13: P1 | O13: P1
B14: 110 | C14: 109,9-108 | D14: 107,9-105 | E14: 104,9-102 | F14: 101,9-100,1 | G14: 100 | H14: 99,9-90 | I14: <76 | O14: 89,9-0
B15: 2.5 | C15: 2.2 | D15: 1.8 | E15: 1.4 | F15: 1.1 | G15: 1 | H15: 0.8 | I15: 0.5 | O15: 0.6

Sheet Khambali
B2: KEY PERFORMANCE INDICATORS: | O2: Hasil Pekerjaan | P2: SLA | Q2: Capaian
B3: 1 | C3: Ketepatan waktu pelayanan fotocopy | O3: Kegiatan | P3: 1 Hari Kerja | Q3: 108
B4: 2 | C4: Pengelolaan bahan baku fotocopy | O4: Kegiatan | P4: 1 Hari Kerja | Q4: 108
B5: 3 | C5: Pemeliharaan dan perawatan mesin fotocopy | O5: Kegiatan | P5: 1 Hari Kerja | Q5: 108.5
B6: 4 | C6: Pelaporan dan pencatatan biaya dan pendapatan fotocopy | O6: Dokumen | P6: 1 Hari Kerja (Setiap tanggal 5) | Q6: 107.9
B7: 5 | C7: Target Pendapatan | O7: Kegiatan | P7: 1 Hari Kerja | Q7: 110
P8: TOTAL | Q8: =SUM(Q3:Q7) -> 542.4
P9: AVG | Q9: =Q8/5 -> 108.48
P10: RATE KPI | Q10: =C16 -> 2.2
P11: SKALA CAPAIAN | Q11: =C14 -> P4
B14: P5 | C14: P4 | G14: P3 | H14: P2 | I14: P1 | O14: P1
B15: 110 | C15: 109,9-108 | D15: 107,9-105 | E15: 104,9-102 | F15: 101,9-100,1 | G15: 100 | H15: 99,9-90 | I15: <76 | O15: 89,9-0
B16: 2.5 | C16: 2.2 | D16: 1.8 | E16: 1.4 | F16: 1.1 | G16: 1 | H16: 0.8 | I16: 0.5 | O16: 0.6

Sheet Dafit
B2: KEY PERFORMANCE INDICATORS: | O2: Hasil Pekerjaan | P2: SLA | Q2: Capaian
B3: 1 | C3: Ketepatan waktu pelayanan fotocopy | O3: Kegiatan | P3: 1 Hari Kerja | Q3: 110
B4: 2 | C4: Pengelolaan bahan baku fotocopy | O4: Kegiatan | P4: 1 Hari Kerja | Q4: 110
B5: 3 | C5: Pemeliharaan dan perawatan mesin fotocopy | O5: Kegiatan | P5: 1 Hari Kerja | Q5: 110
B6: 4 | C6: Pelaporan dan pencatatan biaya dan pendapatan fotocopy | O6: Dokumen | P6: 1 Hari Kerja (Setiap tanggal 5) | Q6: 110
B7: 5 | C7: Target Pendapatan | O7: Dokumen | P7: 1 Hari Kerja | Q7: 110
P8: TOTAL | Q8: =SUM(Q3:Q7) -> 550
P9: AVG | Q9: =Q8/5 -> 110
P10: RATE KPI | Q10: =B16 -> 2.5
P11: SKALA CAPAIAN | Q11: =B14 -> P5
B14: P5 | C14: P4 | G14: P3 | H14: P2 | I14: P1 | O14: P1
B15: 110 | C15: 109,9-108 | D15: 107,9-105 | E15: 104,9-102 | F15: 101,9-100,1 | G15: 100 | H15: 99,9-90 | I15: <76 | O15: 89,9-0
B16: 2.5 | C16: 2.2 | D16: 1.8 | E16: 1.4 | F16: 1.1 | G16: 1 | H16: 0.8 | I16: 0.5 | O16: 0.6

Sheet Ismail
B2: KEY PERFORMANCE INDICATORS: | O2: Hasil Pekerjaan | P2: SLA | Q2: Capaian
B3: 1 | C3: Ketepatan waktu dan SOP | O3: Kegiatan | P3: 1 Hari Kerja | Q3: 89
B4: 2 | C4: Kepuasan pelanggan | O4: Kegiatan | P4: 1 Hari Kerja | Q4: 89
B5: 3 | C5: Pengelolaan stok barang | O5: Kegiatan | P5: 1 Hari Kerja | Q5: 89
B6: 4 | C6: Pelaporan pendapatan dan biaya BKI Mart | O6: Dokumen | P6: 1 Hari Kerja (Setiap tanggal 5) | Q6: 89
B7: 5 | C7: Target Penjualan | O7: Dokumen | P7: 1 Hari Kerja | Q7: 89
P8: TOTAL | Q8: =SUM(Q3:Q7) -> 445
P9: AVG | Q9: =Q8/5 -> 89
P10: RATE KPI | Q10: =O16 -> 0.6
P11: SKALA CAPAIAN | Q11: =O14 -> P1
B14: P5 | C14: P4 | G14: P3 | H14: P2 | I14: P1 | O14: P1
B15: 110 | C15: 109,9-108 | D15: 107,9-105 | E15: 104,9-102 | F15: 101,9-100,1 | G15: 100 | H15: 99,9-90 | I15: <76 | O15: 89,9-0
B16: 2.5 | C16: 2.2 | D16: 1.8 | E16: 1.4 | F16: 1.1 | G16: 1 | H16: 0.8 | I16: 0.5 | O16: 0.6
