Workbook

Sheet REKAP PIUTANG BANK
B1: BANK MANDIRI
A2: No | B2: Nama | D2: Piutang 2023 | E2: Angsuran | R2: PEMBAYARAN TAHUN 2025
E3: Januari | F3: Februari | G3: Maret | H3: April | I3: Mei | J3: Juni | K3: Juli | L3: Agustus | M3: September | N3: Oktober | O3: November | P3: Desember | Q3: TOTAL PEMBAYARAN 2024 | R3: Sisa Hutang 2024 | S3: JANUARI | T3: FEBRUARI | U3: MARET | V3: APRIL | W3: MEI | X3: JUNI | Y3: JULI | Z3: AGUSTUS | AA3: SEPTEMBER | AB3: OKTOBER | AC3: NOVEMBER | AD3: DESEMBER | AE3: Piutang
A4: 1 | B4: Wawan Priya Widyanta | D4: ='Piutang Bank Mandiri -24'!F213 -> 270594142 | E4: ='Piutang Bank Mandiri -24'!E214 -> 4404185 | F4: ='Piutang Bank Mandiri -24'!E215 -> 4444373 | G4: ='Piutang Bank Mandiri -24'!E216 -> 4484928 | H4: ='Piutang Bank Mandiri -24'!E217 -> 4525853 | I4: ='Piutang Bank Mandiri -24'!E218 -> 4567152 | J4: ='Piutang Bank Mandiri -24'!E219 -> 4608827 | K4: ='Piutang Bank Mandiri -24'!E220 -> 4650883 | L4: ='Piutang Bank Mandiri -24'!E221 -> 4693322 | M4: ='Piutang Bank Mandiri -24'!E222 -> 4736148 | N4: ='Piutang Bank Mandiri -24'!E223 -> 4779366 | O4: ='Piutang Bank Mandiri -24'!E224 -> 4822977 | P4: ='Piutang Bank Mandiri -24'!E225 -> 4866987 | Q4: =SUM(E4:P4) -> 55585001 | R4: =D4-E4-F4-G4-H4-I4-J4-K4-L4-M4-N4-O4-P4 -> 215009141 | S4: 4911398 | T4: 4956215 | U4: 5001440 | V4: 5047078 | W4: 5093133 | X4: 5139608 | Y4: 5186507 | Z4: 5233834 | AA4: 5281592 | AB4: 5329787 | AC4: 5378421 | AD4: 5427499 | AE4: =R4-S4-T4-U4-V4-W4-X4-Y4-Z4-AA4-AB4-AC4-AD4 -> 153022629
A5: 2 | B5: Sumartini | D5: ='Piutang Bank Mandiri -24'!F143 -> 226855344 | E5: {=TRANSPOSE('Piutang Bank Mandiri -24'!E144:E155)} -> 3428630 | F5: 3459917 | G5: 3491488 | H5: 3523348 | I5: 3555499 | J5: 3587943 | K5: 3620683 | L5: 3653721 | M5: 3687062 | N5: 3720706 | O5: 3754657 | P5: 3788919 | Q5: =SUM(E5:P5) -> 43272573 | R5: =D5-E5-F5-G5-H5-I5-J5-K5-L5-M5-N5-O5-P5 -> 183582771 | S5: 3823493 | T5: 3858382 | U5: 3893590 | V5: 3929119 | W5: 3964972 | X5: 4001152 | Y5: 4037663 | Z5: 4074506 | AA5: 4111686 | AB5: 4149205 | AC5: 4187067 | AD5: 4225274 | AE5: =R5-S5-T5-U5-V5-W5-X5-Y5-Z5-AA5-AB5-AC5-AD5 -> 135326662
A6: 3 | B6: IRWANTO | D6: ='Piutang Bank Mandiri -24'!F45 -> 141784587 | E6: {=TRANSPOSE('Piutang Bank Mandiri -24'!E46:E57)} -> 2142894 | F6: 2162448 | G6: 2182180 | H6: 2202093 | I6: 2222187 | J6: 2242464 | K6: 2262927 | L6: 2283576 | M6: 2304413 | N6: 2325441 | O6: 2346661 | P6: 2368074 | Q6: =SUM(E6:P6) -> 27045358 | R6: =D6-E6-F6-G6-H6-I6-J6-K6-L6-M6-N6-O6-P6 -> 114739229 | S6: 2389683 | T6: 2411489 | U6: 2433494 | V6: 2455699 | W6: 2478107 | X6: 2500720 | Y6: 2523539 | Z6: 2546567 | AA6: 2569804 | AB6: 2593253 | AC6: 2616917 | AD6: 2640796 | AE6: =R6-S6-T6-U6-V6-W6-X6-Y6-Z6-AA6-AB6-AC6-AD6 -> 84579161
A7: 4 | B7: Rochmansyah | D7: ='Piutang Bank Mandiri -24'!F107 -> 69702128 | E7: {=TRANSPOSE('Piutang Bank Mandiri -24'!E108:E119)} -> 3808969 | F7: 3843726 | G7: 3878800 | H7: 3914194 | I7: 3949911 | J7: 3985954 | K7: 4022326 | L7: 4059030 | M7: 4096068 | N7: 4133445 | O7: 4171163 | P7: 4209224 | Q7: =SUM(E7:P7) -> 48072810 | R7: =D7-E7-F7-G7-H7-I7-J7-K7-L7-M7-N7-O7-P7 -> 21629318 | S7: 4247634 | T7: 4286393 | U7: 4325507 | V7: 4364977 | W7: 4404808 | X7: 0 | Y7: 0 | Z7: 0 | AA7: 0 | AE7: =R7-S7-T7-U7-V7-W7-X7-Y7-Z7-AA7-AB7 -> -1
A8: 5 | B8: M. Sofyan | D8: ='Piutang Bank Mandiri -24'!F245 -> 16574269 | E8: {=TRANSPOSE('Piutang Bank Mandiri -24'!E246:E251)} -> 2700032 | F8: 2724669 | G8: 2749532 | H8: 2774621 | I8: 2799940 | J8: 2825475 | Q8: =SUM(E8:P8) -> 16574269 | R8: LUNAS | Y8: 0 | Z8: 0 | AA8: 0 | AE8: LUNAS
A9: 6 | B9: Eva Sintauli Saragih | D9: ='Piutang Bank Mandiri -24'!F14 -> 287816220 | E9: {=TRANSPOSE('Piutang Bank Mandiri -24'!E15:E26)} -> 4247034 | F9: 4285788 | G9: 4324896 | H9: 4364360 | I9: 4404185 | J9: 4444373 | K9: 4484928 | L9: 4525853 | M9: 4567152 | N9: 4608827 | O9: 4650883 | P9: 4693322 | Q9: =SUM(E9:P9) -> 53601601 | R9: =D9-E9-F9-G9-H9-I9-J9-K9-L9-M9-N9-O9-P9 -> 234214619 | S9: 4736148 | T9: 4779366 | U9: 4822977 | V9: 4866987 | W9: 4911398 | X9: 4956215 | Y9: 5001440 | Z9: 5047078 | AA9: 5093133 | AB9: 5139608 | AC9: 5186507 | AD9: 5233834 | AE9: =R9-S9-T9-U9-V9-W9-X9-Y9-Z9-AA9-AB9-AC9-AD9 -> 174439928
A10: 7 | B10: Sukadi Redji | D10: ='Piutang Bank Mandiri -24'!F127 -> 134118469 | E10: {=TRANSPOSE('Piutang Bank Mandiri -24'!E128:E139)} -> 3762876 | F10: 3797213 | G10: 3831862 | H10: 3866828 | I10: 3902113 | J10: 3937720 | K10: 3973651 | L10: 4009911 | M10: 4046501 | N10: 4083426 | O10: 4120687 | P10: 4158288 | Q10: =SUM(E10:P10) -> 47491076 | R10: =D10-E10-F10-G10-H10-I10-J10-K10-L10-M10-N10-O10-P10 -> 86627393 | S10: 4196233 | T10: 4234523 | U10: 4273163 | V10: 4312156 | W10: 4351504 | X10: 4391212 | Y10: 4431282 | Z10: 4471717 | AA10: 4512521 | AB10: 4553698 | AC10: 4595251 | AD10: 4637182 | AE10: =R10-S10-T10-U10-V10-W10-X10-Y10-Z10-AA10-AB10-AC10-AD10 -> 33666951
A11: 8 | B11: Tri Laksono Joeniawan, S.T. | D11: ='Piutang Bank Mandiri -24'!F197 -> 373621854 | E11: {=TRANSPOSE('Piutang Bank Mandiri -24'!E198:E209)} -> 4151393 | F11: 4189274 | G11: 4227502 | H11: 4266078 | I11: 4305006 | J11: 4344289 | K11: 4383930 | L11: 4423934 | M11: 4464302 | N11: 4505039 | O11: 4546147 | P11: 4587631 | Q11: =SUM(E11:P11) -> 52394525 | R11: =D11-E11-F11-G11-H11-I11-J11-K11-L11-M11-N11-O11-P11 -> 321227329 | S11: 4629493 | T11: 4671737 | U11: 4714367 | V11: 4757385 | W11: 4800796 | X11: 4844604 | Y11: 4888811 | Z11: 4933421 | AA11: 4978439 | AB11: 5023867 | AC11: 5069710 | AD11: 5115971 | AE11: =R11-S11-T11-U11-V11-W11-X11-Y11-Z11-AA11-AB11-AC11-AD11 -> 262798728
A12: 9 | B12: Rachmad Kurniawan | D12: ='Piutang Bank Mandiri -24'!F66 -> 136985065 | E12: {=TRANSPOSE('Piutang Bank Mandiri -24'!E67:E78)} -> 3454452 | F12: 3485974 | G12: 3517784 | H12: 3549883 | I12: 3582276 | J12: 3614964 | K12: 3647951 | L12: 3681239 | M12: 3714830 | N12: 3748728 | O12: 3782935 | P12: 3817454 | Q12: =SUM(E12:P12) -> 43598470 | R12: =D12-E12-F12-G12-H12-I12-J12-K12-L12-M12-N12-O12-P12 -> 93386595 | S12: 3852288 | T12: 3887440 | U12: 3922913 | V12: 3958710 | W12: 3994833 | X12: 4031286 | Y12: 4068072 | Z12: 4105193 | AA12: 4142653 | AB12: 4180454 | AC12: 4218601 | AD12: 4257096 | AE12: =R12-S12-T12-U12-V12-W12-X12-Y12-Z12-AA12-AB12-AC12-AD12 -> 44767056
A13: 10 | B13: Rahadi Sigit | D13: ='Piutang Bank Mandiri -24'!F80 -> 10756473 | E13: {=TRANSPOSE('Piutang Bank Mandiri -24'!E81:E92)} -> 852271 | F13: 860048 | G13: 867896 | H13: 875816 | I13: 883807 | J13: 891872 | K13: 900011 | L13: 908223 | M13: 916511 | N13: 924874 | O13: 933313 | P13: 941831 | Q13: =SUM(E13:P13) -> 10756473 | R13: LUNAS | Y13: 0 | Z13: 0 | AA13: 0 | AE13: LUNAS
A14: 11 | B14: Teguh Andani | D14: ='Piutang Bank Mandiri -24'!F166 -> 320438733 | E14: {=TRANSPOSE('Piutang Bank Mandiri -24'!E167:E178)} -> 3949353 | F14: 3985391 | G14: 4021758 | H14: 4058456 | I14: 4095490 | J14: 4132861 | K14: 4170574 | L14: 4208630 | M14: 4247034 | N14: 4285788 | O14: 4324896 | P14: 4364360 | Q14: =SUM(E14:P14) -> 49844591 | R14: =D14-E14-F14-G14-H14-I14-J14-K14-L14-M14-N14-O14-P14 -> 270594142 | S14: 4404185 | T14: 4444373 | U14: 4484928 | V14: 4525853 | W14: 4567152 | X14: 4608827 | Y14: 4650883 | Z14: 4693322 | AA14: 4736148 | AB14: 4779366 | AC14: 4822977 | AD14: 4866987 | AE14: =R14-S14-T14-U14-V14-W14-X14-Y14-Z14-AA14-AB14-AC14-AD14 -> 215009141
A15: 12 | B15: Togap Hidayat Siagian | D15: ='Piutang Bank Mandiri -24'!F181 -> 141881154 | E15: {=TRANSPOSE('Piutang Bank Mandiri -24'!E182:E193)} -> 4859951 | F15: 4904298 | G15: 4949050 | H15: 4994210 | I15: 5039782 | J15: 5085770 | K15: 5132178 | L15: 5179009 | M15: 5226268 | N15: 5273957 | O15: 5322082 | P15: 5370646 | Q15: =SUM(E15:P15) -> 61337201 | R15: =D15-E15-F15-G15-H15-I15-J15-K15-L15-M15-N15-O15-P15 -> 80543953 | S15: 5419653 | T15: 5469108 | U15: 5519013 | V15: 5569374 | W15: 5620195 | X15: 5671479 | Y15: 5723231 | Z15: 5775456 | AA15: 5828157 | AB15: 5881339 | AC15: 5935006 | AD15: 5989163 | AE15: =R15-S15-T15-U15-V15-W15-X15-Y15-Z15-AA15-AB15-AC15-AD15 -> 12142779
A16: 13 | B16: Erry Sanjaya | D16: ='Piutang Bank Mandiri -24'!F6 -> 10567703 | E16: {=TRANSPOSE('Piutang Bank Mandiri -24'!E7:E11)} -> 2075319 | F16: 2094257 | G16: 2113367 | H16: 2132651 | I16: 2152112 | Q16: =SUM(E16:P16) -> 10567706 | R16: =D16-E16-F16-G16-H16-I16-J16-K16-L16-M16-N16-O16-P16 -> -3 | W16: 0 | X16: 0 | Y16: 0 | Z16: 0 | AA16: 0 | AE16: =R16-S16-T16-U16-V16-W16-X16-Y16-Z16-AA16-AB16 -> -3
A17: 14 | B17: Ratna S Rini | D17: ='Piutang Bank Mandiri -24'!F94 -> 155726794 | E17: {=TRANSPOSE('Piutang Bank Mandiri -24'!E95:E103)} -> 7132809 | F17: 7197896 | G17: 7263576 | H17: 7329857 | I17: 7396741 | J17: 7464237 | K17: 7532348 | L17: 7601081 | M17: 96808247 | Q17: =SUM(E17:P17) -> 155726792 | R17: =D17-E17-F17-G17-H17-I17-J17-K17-L17-M17-N17-O17-P17 -> 2 | W17: 0 | X17: 0 | Y17: 0 | Z17: 0 | AA17: 0 | AD17: 0 | AE17: =R17-S17-T17-U17-V17-W17-X17-Y17-Z17-AA17-AB17 -> 2 | AF17: PELUNASAN PINJAMAN AN RATNA S RINI
A18: 15 | B18: Eka Nanda | D18: ='Piutang Bank Mandiri -24'!F229 -> 234774674 | E18: {=TRANSPOSE('Piutang Bank Mandiri -24'!E230:E241)} -> 4130269 | F18: 4167958 | G18: 4205990 | H18: 4244370 | I18: 4283100 | J18: 4322183 | K18: 4361623 | L18: 4401423 | M18: 4441586 | N18: 4482115 | O18: 4523015 | P18: 4564287 | Q18: =SUM(E18:P18) -> 52127919 | R18: =D18-E18-F18-G18-H18-I18-J18-K18-L18-M18-N18-O18-P18 -> 182646755 | S18: 4605936 | T18: 4647966 | U18: 4690378 | V18: 4733178 | W18: 4776368 | X18: 4776368 | Y18: 4863935 | Z18: 4908318 | AA18: 4953106 | AB18: 4998304 | AC18: 5043913 | AD18: 5089939 | AE18: =R18-S18-T18-U18-V18-W18-X18-Y18-Z18-AA18-AB18-AC18-AD18 -> 124559046
A19: 16 | B19: Taufik Hidayat | D19: ='Piutang Bank Mandiri -24'!F159 -> -540450 | Q19: =SUM(E19:P19) -> 0 | R19: =D19-E19-F19-G19-H19-I19-J19-K19-L19-M19-N19-O19-P19 -> -540450 | W19: 0 | Y19: 0 | Z19: 0 | AA19: 0 | AD19: 0 | AE19: =R19-S19-T19-U19-V19-W19-X19-Y19-Z19-AA19-AB19-AC19-AD19 -> -540450
A20: 17 | B20: Guntur Anggriawan | D20: ='Piutang Bank Mandiri -24'!F255 -> 33334677 | Q20: =SUM(E20:P20) -> 0 | R20: =D20-E20-F20-G20-H20-I20-J20-K20-L20-M20-N20-O20-P20 -> 33334677 | W20: 0 | Y20: 0 | Z20: 0 | AA20: 0 | AD20: 0 | AE20: =R20-S20-T20-U20-V20-W20-X20-Y20-Z20-AA20-AB20-AC20-AD20 -> 33334677
A21: 18 | B21: Sudirman | D21: ='Piutang Bank Mandiri -24'!F123 -> 25968558 | Q21: =SUM(E21:P21) -> 0 | R21: =D21-Q21 -> 25968558 | W21: 0 | Y21: 0 | Z21: 0 | AA21: 0 | AC21: =10000000+10000000 -> 20000000 | AD21: 0 | AE21: =R21-S21-T21-U21-V21-W21-X21-Y21-Z21-AA21-AB21-AC21-AD21 -> 5968558
A22: 19 | B22: Indra Permana | D22: ='Piutang Bank Mandiri -24'!F29 -> 225192026 | E22: ='Piutang Bank Mandiri -24'!E30 -> 2962673 | F22: ='Piutang Bank Mandiri -24'!E31 -> 2989708 | G22: ='Piutang Bank Mandiri -24'!E32 -> 3016989 | H22: ='Piutang Bank Mandiri -24'!E33 -> 3044519 | I22: ='Piutang Bank Mandiri -24'!E34 -> 3072300 | J22: ='Piutang Bank Mandiri -24'!E35 -> 3100335 | K22: ='Piutang Bank Mandiri -24'!E36 -> 3128625 | L22: ='Piutang Bank Mandiri -24'!E37 -> 3157174 | M22: ='Piutang Bank Mandiri -24'!E38 -> 3185983 | N22: ='Piutang Bank Mandiri -24'!E39 -> 3215055 | O22: ='Piutang Bank Mandiri -24'!E40 -> 3244393 | P22: ='Piutang Bank Mandiri -24'!E41 -> 3273998 | Q22: =SUM(E22:P22) -> 37391752 | R22: =D22-E22-F22-G22-H22-I22-J22-K22-L22-M22-N22-O22-P22 -> 187800274 | S22: 3303873 | T22: 3334021 | U22: 3364444 | V22: 3395144 | W22: 3426125 | X22: 3457388 | Y22: 3488937 | Z22: 3520774 | AA22: 3552901 | AB22: 3585321 | AC22: 3618037 | AD22: 3651051 | AE22: =R22-S22-T22-U22-V22-W22-X22-Y22-Z22-AA22-AB22-AC22-AD22 -> 146102258
A23: 20 | B23: Mahmur Mochtar | D23: ='Piutang Bank Mandiri -24'!F60 -> 21230965 | E23: {=TRANSPOSE('Piutang Bank Mandiri -24'!E61:E64)} -> 5235641 | F23: 5283417 | G23: 5331628 | H23: 5380279 | Q23: =SUM(E23:P23) -> 21230965 | R23: LUNAS | W23: 0 | Y23: 0 | Z23: 0 | AA23: 0 | AE23: LUNAS
A24: TOTAL | D24: =SUM(D4:D23) -> 2837383385 | E24: =SUM(E4:E23) -> 63298751 | F24: =SUM(F4:F23) -> 63876355 | G24: =SUM(G4:G23) -> 64459226 | H24: =SUM(H4:H23) -> 65047416 | I24: =SUM(I4:I23) -> 60211601 | J24: =SUM(J4:J23) -> 58589267 | K24: =SUM(K4:K23) -> 56272638 | ... AE24: =SUM(AE4:AE23) -> 1425177122
D25: ='Piutang Bank Mandiri -24'!F257 -> 2837383385 | E25: 63298751 | F25: 63876355 | G25: 64459226 | H25: 65047416 | I25: 60211601 | J25: 58589267 | K25: 56272635 | L25: 56786126 | M25: 49633858 | N25: 146895014 | O25: 50543809 | P25: 51005021 | S25: 50520017 | T25: 50981013 | U25: 51446214 | V25: 51915660 | W25: 52389391 | X25: 48378859 | Y25: 48864300 | Z25: 49310186 | AA25: 49760140 | AB25: 50214202 | AC25: 70672407 | AD25: 51134792 | AE25: 1425177123
D26: =D24-D25 -> 0 | E26: =E24-E25 -> 0 | F26: =F24-F25 -> 0 | G26: =G24-G25 -> 0 | H26: =H24-H25 -> 0 | I26: =I24-I25 -> 0 | J26: =J24-J25 -> 0 | K26: =K24-K25 -> 3 | ... AE26: =AE24-AE25 -> -1
B29: BANK BSI
A30: No | B30: Nama | D30: Piutang 2023 | E30: Angsuran | R30: PEMBAYARAN TAHUN 2025
E31: Januari | F31: Februari | G31: Maret | H31: April | I31: Mei | J31: Juni | K31: Juli | L31: Agustus | M31: September | N31: Oktober | O31: November | P31: Desember | Q31: TOTAL PEMBAYARAN 2024 | R31: Sisa Hutang 2024 | S31: JANUARI | T31: FEBRUARI | U31: MARET | V31: APRIL | W31: MEI | X31: JUNI | Y31: JULI | Z31: AGUSTUS | AA31: SEPTEMBER | AB31: OKTOBER | AC31: NOVEMBER | AD31: DESEMBER | AE31: Piutang
G32: Angsuran | I32: Angsuran
A33: 1 | B33: Achmad Tawakkal Rampa | C33: PUSAT | D33: 441301238 | E33: {=TRANSPOSE('Piutang Bank BSI-24'!E9:E20)} -> 2842239 | F33: 2868293 | G33: 2894586 | H33: 2921119 | I33: 2947896 | J33: 2974919 | K33: 3002189 | L33: 3029709 | M33: 3057481 | N33: 3085508 | O33: 3113792 | P33: 3142335 | Q33: =SUM(_xlfn.ANCHORARRAY(E33)) -> 35880066 | R33: =D33-E33-F33-G33-H33-I33-J33-K33-L33-M33-N33-O33-P33 -> 405421172 | S33: 3171140 | T33: 3200209 | U33: 3229544 | V33: 3259148 | W33: 3289024 | X33: 3319173 | Y33: 3349599 | Z33: 3380303 | AA33: 3411289 | AB33: 3442560 | AC33: 3474116 | AD33: 3505962 | AE33: =R33-S33-T33-U33-V33-W33-X33-Y33-Z33-AA33-AB33-AC33-AD33 -> 365389105
A34: 2 | B34: Agung Prihanto, Ir | D34: 80174732 | E34: {=TRANSPOSE('Piutang Bank BSI-24'!E23:E31)} -> 8586633 | F34: 8665343 | G34: 8744776 | H34: 8824936 | I34: 8905831 | J34: 8987468 | K34: 9069853 | L34: 9152994 | M34: 9236898 | Q34: =SUM(_xlfn.ANCHORARRAY(E34)) -> 80174732 | R34: LUNAS | AE34: LUNAS
A35: 3 | B35: Andi Lamappasessu | C35: PUSAT | D35: 259099951 | E35: {=TRANSPOSE('Piutang Bank BSI-24'!E37:E48)} -> 5234765 | F35: 5282751 | G35: 5331176 | H35: 5380045 | I35: 5429362 | J35: 5479131 | K35: 5529356 | L35: 5580042 | M35: 5631193 | N35: 5682812 | O35: 5734904 | P35: 5787474 | Q35: =SUM(_xlfn.ANCHORARRAY(E35)) -> 66083011 | R35: =D35-E35-F35-G35-H35-I35-J35-K35-L35-M35-N35-O35-P35 -> 193016940 | S35: 5840526 | T35: 5894064 | U35: 5948093 | V35: 6002617 | W35: 6057641 | X35: 6113170 | Y35: 6169207 | Z35: 6225758 | AA35: 6282828 | AB35: 6340420 | AC35: 6398541 | AD35: 6457194 | AE35: =R35-S35-T35-U35-V35-W35-X35-Y35-Z35-AA35-AB35-AC35-AD35 -> 119286881
A36: 4 | B36: Arief Budi Permana, Ir | D36: 168135207 | E36: {=TRANSPOSE('Piutang Bank BSI-24'!E51:E59)} -> 16146806 | F36: 16291455 | G36: 16437399 | H36: 16584651 | I36: 16733222 | J36: 16883124 | K36: 17034368 | L36: 17186967 | M36: 17340934 | Q36: =SUM(_xlfn.ANCHORARRAY(E36)) -> 150638926 | R36: =D36-E36-F36-G36-H36-I36-J36-K36-L36-M36-N36-O36-P36 -> 17496281 | AC36: 0 | AE36: =R36-S36-T36-U36-V36-W36-X36-Y36-Z36-AA36-AB36-AC36-AD36 -> 17496281
A37: 5 | B37: Dandi Rukmana | C37: ACADEMY | D37: 322608414 | E37: {=TRANSPOSE('Piutang Bank BSI-24'!E66:E77)} -> 2512754 | F37: 2537881 | G37: 2563260 | H37: 2588893 | I37: 2614782 | J37: 2640929 | K37: 2667339 | L37: 2694012 | M37: 2720952 | N37: 2748162 | O37: 2775643 | P37: 2803400 | Q37: =SUM(_xlfn.ANCHORARRAY(E37)) -> 31868007 | R37: =D37-E37-F37-G37-H37-I37-J37-K37-L37-M37-N37-O37-P37 -> 290740407 | S37: 2831434 | T37: 2859748 | U37: 2888346 | V37: 2917229 | W37: 2946401 | X37: =276297249-425000000+2015987 -> -146686764 | Y37: 2033627 | Z37: =250000000+168898964+2051421 -> 420950385 | AA37: - | AE37: LUNAS
A38: 6 | B38: Dede Ma'mun Sumantri | C38: PUSAT | D38: 167114617 | E38: ='Piutang Bank BSI-24'!E80 -> 4700818 | F38: ='Piutang Bank BSI-24'!E81 -> 4742929 | G38: ='Piutang Bank BSI-24'!E82 -> 4785418 | H38: ='Piutang Bank BSI-24'!E83 -> 4828287 | I38: ='Piutang Bank BSI-24'!E84-'Piutang Bank BSI-24'!D85 -> -91942839 | J38: ='Piutang Bank BSI-24'!E86 -> 7008660 | K38: ='Piutang Bank BSI-24'!E87 -> 7071445 | L38: ='Piutang Bank BSI-24'!E88 -> 7134794 | M38: ='Piutang Bank BSI-24'!E89 -> 7198710 | N38: ='Piutang Bank BSI-24'!E90 -> 7263198 | O38: ='Piutang Bank BSI-24'!E91 -> 7328264 | P38: ='Piutang Bank BSI-24'!E92 -> 7393913 | Q38: =SUM(_xlfn.ANCHORARRAY(E38)) -> 4700818 | R38: =D38-E38-F38-G38-H38-I38-J38-K38-L38-M38-N38-O38-P38 -> 189601020 | S38: 7460150 | T38: 7526981 | U38: 7594410 | V38: 7662443 | W38: 7731086 | X38: 7800344 | Y38: 7870222 | Z38: 7940726 | AA38: 8011862 | AB38: 8083635 | AC38: 8156050 | AD38: 8229115 | AE38: =R38-S38-T38-U38-V38-W38-X38-Y38-Z38-AA38-AB38-AC38-AD38 -> 95533996
A39: 7 | B39: Elis Rosida | C39: PUSAT | D39: 101419449 | E39: {=TRANSPOSE('Piutang Bank BSI-24'!E96:E107)} -> 3981129 | F39: 4017623 | G39: 4054451 | H39: 4091617 | I39: 4129123 | J39: 4166974 | K39: 4205171 | L39: 4243718 | M39: 4282619 | N39: 4321877 | O39: 4361494 | P39: 4401474 | Q39: =SUM(_xlfn.ANCHORARRAY(E39)) -> 50257270 | R39: =D39-E39-F39-G39-H39-I39-J39-K39-L39-M39-N39-O39-P39 -> 51162179 | S39: 4441821 | T39: 4482538 | U39: 4523628 | V39: 4565094 | W39: 4606941 | X39: 4649171 | Y39: 4691789 | Z39: 4734797 | AA39: 14466400 | AB39: 0 | AE39: =R39-S39-T39-U39-V39-W39-X39-Y39-Z39-AA39-AB39 -> 0
A40: 8 | B40: Endah Mustika Ningtias | C40: PUSAT | D40: 145619024 | E40: {=TRANSPOSE('Piutang Bank BSI-24'!E110:E121)} -> 1178507 | F40: 1189310 | G40: 1200212 | H40: 1211214 | I40: 1222317 | J40: 1233521 | K40: 1244829 | L40: 1256240 | M40: 1267755 | N40: 1279376 | O40: 1291104 | P40: 1302939 | Q40: =SUM(_xlfn.ANCHORARRAY(E40)) -> 14877324 | R40: =D40-E40-F40-G40-H40-I40-J40-K40-L40-M40-N40-O40-P40 -> 130741700 | S40: 1314883 | T40: 1326936 | U40: 1339099 | V40: 1351374 | W40: 1363762 | X40: 1376263 | Y40: 1388879 | Z40: 1401610 | AA40: =-175000000+119878894+2230183 -> -52890923 | AB40: 2249697 | AC40: 2269381 | AD40: 2289239 | AE40: =R40-S40-T40-U40-V40-W40-X40-Y40-Z40-AA40-AB40-AC40-AD40 -> 165961500
A41: 9 | B41: Eva Sintauli Saragih | C41: PUSAT | D41: 465541913 | E41: {=TRANSPOSE('Piutang Bank BSI-24'!E124:E135)} -> 3045463 | F41: 3073380 | G41: 3101552 | H41: 3129983 | I41: 3158675 | J41: 3187629 | K41: 3216849 | L41: 3246337 | M41: 3276095 | N41: 3306126 | O41: 3336432 | P41: 3367016 | Q41: =SUM(_xlfn.ANCHORARRAY(E41)) -> 38445537 | R41: =D41-E41-F41-G41-H41-I41-J41-K41-L41-M41-N41-O41-P41 -> 427096376 | S41: 3397880 | T41: 3429028 | U41: 3460460 | V41: 3492181 | W41: 3524193 | X41: 3556498 | Y41: 3589099 | Z41: 3621999 | AA41: 3655201 | AB41: 3688707 | AC41: 3722520 | AD41: 3756643 | AE41: =R41-S41-T41-U41-V41-W41-X41-Y41-Z41-AA41-AB41-AC41-AD41 -> 384201967
A42: 10 | B42: Haerudin | C42: PUSAT | D42: 0 | E42: 0 | F42: 0 | G42: =-'Piutang Bank BSI-24'!D137 -> -110000000 | H42: ='Piutang Bank BSI-24'!E138 -> 2781918 | I42: ='Piutang Bank BSI-24'!E139 -> 2806839 | J42: ='Piutang Bank BSI-24'!E140 -> 2831984 | K42: ='Piutang Bank BSI-24'!E141 -> 2857354 | L42: ='Piutang Bank BSI-24'!E142 -> 2882951 | M42: ='Piutang Bank BSI-24'!E143 -> 2908777 | N42: ='Piutang Bank BSI-24'!E144 -> 2934835 | O42: ='Piutang Bank BSI-24'!E145 -> 2961126 | P42: ='Piutang Bank BSI-24'!E146 -> 2987653 | Q42: =SUM(H42:P42) -> 25953437 | R42: =D42-E42-F42-G42-H42-I42-J42-K42-L42-M42-N42-O42-P42 -> 84046563 | S42: 3014418 | T42: 3041422 | U42: 3068668 | V42: 3096158 | W42: 3123894 | X42: 3151879 | Y42: 3180115 | Z42: 3208603 | AA42: 3237347 | AB42: 3266348 | AC42: 3295609 | AD42: 3325133 | AE42: =R42-S42-T42-U42-V42-W42-X42-Y42-Z42-AA42-AB42-AC42-AD42 -> 46036969
A43: 11 | B43: Harrys Pahala Manalu | C43: JKT KOM | D43: 94936109 | E43: {=TRANSPOSE('Piutang Bank BSI-24'!E149:E160)} -> 1040158 | F43: 1049477 | G43: 1058878 | H43: 1068364 | I43: 1077935 | J43: 1087591 | K43: 1097334 | L43: 1107164 | M43: 1117083 | N43: 1127090 | O43: 1137187 | P43: 1147374 | Q43: =SUM(_xlfn.ANCHORARRAY(E43)) -> 13115635 | R43: =D43-E43-F43-G43-H43-I43-J43-K43-L43-M43-N43-O43-P43 -> 81820474 | S43: 1157653 | T43: 1168023 | U43: 1178487 | V43: 1189044 | W43: 1199696 | X43: 1210443 | Y43: 1221287 | Z43: 1232228 | AA43: 1243266 | AB43: 1254404 | AC43: 1265641 | AD43: 1276979 | AE43: =R43-S43-T43-U43-V43-W43-X43-Y43-Z43-AA43-AB43-AC43-AD43 -> 67223323
A44: 12 | B44: Himawan | D44: 7289444 | E44: {=TRANSPOSE('Piutang Bank BSI-24'!E163:E167)} -> 1797494 | F44: 1813971 | G44: 1830599 | H44: 1847379 | I44: 1 | Q44: =SUM(_xlfn.ANCHORARRAY(E44)) -> 7289444 | R44: LUNAS | W44: 0 | X44: 0 | Y44: 0 | Z44: 0 | AE44: LUNAS
A45: 13 | B45: Indra Kusuma | C45: CABANG ALL | D45: 52857431 | E45: {=TRANSPOSE('Piutang Bank BSI-24'!E172:E183)} -> 1037443 | F45: 1046953 | G45: 1056550 | H45: 1066235 | I45: 1076009 | J45: 1085872 | K45: 1095826 | L45: 1105871 | M45: 1116008 | N45: 1126239 | O45: 1136562 | P45: 1146981 | Q45: =SUM(_xlfn.ANCHORARRAY(E45)) -> 13096549 | R45: =D45-E45-F45-G45-H45-I45-J45-K45-L45-M45-N45-O45-P45 -> 39760882 | S45: 1157495 | T45: 1168105 | U45: 1178813 | V45: 1189619 | W45: 1200523 | X45: 1211528 | Y45: 1222634 | Z45: 1233841 | AA45: 1245152 | AB45: 1256566 | AC45: 1268084 | AD45: 1279708 | AE45: =R45-S45-T45-U45-V45-W45-X45-Y45-Z45-AA45-AB45-AC45-AD45 -> 25148814
A46: 14 | B46: Indra Permana | C46: PRIOK | D46: 81668701 | E46: {=TRANSPOSE('Piutang Bank BSI-24'!E186:E197)} -> 963614 | F46: 972447 | G46: 981361 | H46: 990357 | I46: 999435 | J46: 1008597 | K46: 1017172 | L46: 1027172 | M46: 1036588 | N46: 1046090 | O46: 1055679 | P46: 1065356 | Q46: =SUM(_xlfn.ANCHORARRAY(E46)) -> 12163868 | R46: =D46-E46-F46-G46-H46-I46-J46-K46-L46-M46-N46-O46-P46 -> 69504833 | S46: 1075122 | T46: 1084977 | U46: 1094923 | V46: 1104960 | W46: 1115089 | X46: 1125310 | Y46: 1135626 | Z46: 1146036 | AA46: =-170000000+60622120+2166463 -> -107211417 | AB46: 2185420 | AC46: 2204542 | AD46: 2223832 | AE46: =R46-S46-T46-U46-V46-W46-X46-Y46-Z46-AA46-AB46-AC46-AD46 -> 161220413
A47: 15 | B47: Mahmur Mochtar, ST | C47: CABANG ALL | D47: 101419449 | E47: {=TRANSPOSE('Piutang Bank BSI-24'!E200:E211)} -> 3981129 | F47: 4017623 | G47: 4054451 | H47: 4091617 | I47: 4129123 | J47: 4166974 | K47: 4205171 | L47: 4243718 | M47: 4282619 | N47: 4321877 | O47: 4361494 | P47: 4401474 | Q47: =SUM(_xlfn.ANCHORARRAY(E47)) -> 50257270 | R47: =D47-E47-F47-G47-H47-I47-J47-K47-L47-M47-N47-O47-P47 -> 51162179 | S47: 4441821 | T47: 4482538 | U47: 4523628 | V47: =4565094-200000000 -> -195434906 | W47: =4606941+33149097 -> 37756038 | X47: 2548780 | Y47: 2571082 | Z47: 2593579 | AA47: 2616273 | AB47: 2639165 | AC47: 2662258 | AD47: 2685553 | AE47: =R47-S47-T47-U47-V47-W47-X47-Y47-Z47-AA47-AB47-AC47-AD47 -> 177076370 | AF47: 181683311 | AH47: =AE47-AF47 -> -4606941
A48: 16 | B48: Mochammad Zaky | C48: PUSAT | D48: 353040989 | E48: {=TRANSPOSE('Piutang Bank BSI-24'!E214:E225)} -> 2273791 | F48: 2294634 | G48: 2315669 | H48: 2336896 | I48: 2358317 | J48: 2379935 | K48: 2401751 | L48: 2423767 | M48: 2445985 | N48: 2468407 | O48: 2491034 | P48: 2513868 | Q48: =SUM(_xlfn.ANCHORARRAY(E48)) -> 28704054 | R48: =D48-E48-F48-G48-H48-I48-J48-K48-L48-M48-N48-O48-P48 -> 324336935 | S48: 2536912 | T48: 2560167 | U48: 2583635 | V48: 2607318 | W48: 2631219 | X48: 2655338 | Y48: 2679679 | Z48: 2704243 | AA48: 2729032 | AB48: 2754048 | AC48: 2779293 | AD48: 2804770 | AE48: =R48-S48-T48-U48-V48-W48-X48-Y48-Z48-AA48-AB48-AC48-AD48 -> 292311281
A49: 17 | B49: Nosy Osriat | C49: PUSAT | D49: 380809287 | E49: {=TRANSPOSE('Piutang Bank BSI-24'!E228:E239)} -> 7815308 | F49: 7886948 | G49: 7959246 | H49: 8032206 | I49: 8105834 | J49: 8180138 | K49: 8255122 | L49: 8330794 | M49: 8407159 | N49: 8484225 | O49: 8561997 | P49: 8640482 | Q49: =SUM(_xlfn.ANCHORARRAY(E49)) -> 98659459 | R49: =D49-E49-F49-G49-H49-I49-J49-K49-L49-M49-N49-O49-P49 -> 282149828 | S49: 8719687 | T49: 8799617 | U49: 8880280 | V49: 8961682 | W49: 9043831 | X49: 9126733 | Y49: 9210395 | Z49: 9294823 | AA49: 9380026 | AB49: 9466010 | AC49: 9552781 | AD49: 0 | AE49: =R49-S49-T49-U49-V49-W49-X49-Y49-Z49-AA49-AB49-AC49-AD49 -> 181713963
A50: 18 | B50: Nur Rahmad Hidayat | C50: PUSAT | D50: 115290084 | E50: {=TRANSPOSE('Piutang Bank BSI-24'!E242:E253)} -> 1669437 | F50: 1684393 | G50: 1699482 | H50: 1714706 | I50: 1730067 | J50: 1745566 | K50: 1761203 | L50: 1776981 | M50: 1792899 | N50: 1808961 | O50: 1825166 | P50: 1841517 | Q50: =SUM(_xlfn.ANCHORARRAY(E50)) -> 21050378 | R50: =D50-E50-F50-G50-H50-I50-J50-K50-L50-M50-N50-O50-P50 -> 94239706 | S50: 1858013 | T50: 1874658 | U50: 1891452 | V50: 1908396 | W50: 1925492 | X50: 1942742 | Y50: 1960145 | Z50: 1977705 | AA50: 1995422 | AB50: 2013297 | AC50: 2031333 | AD50: 2049531 | AE50: =R50-S50-T50-U50-V50-W50-X50-Y50-Z50-AA50-AB50-AC50-AD50 -> 70811520
A51: 19 | B51: Prasetyo | C51: PUSAT | D51: 443628382 | E51: {=TRANSPOSE('Piutang Bank BSI-24'!E256:E267)} -> 3246337 | F51: 3276095 | G51: 3306126 | H51: 3336432 | I51: 3367016 | J51: 3397880 | K51: 3429028 | L51: 3460460 | M51: 3492181 | N51: 3524193 | O51: 3556498 | P51: 3589099 | Q51: =SUM(_xlfn.ANCHORARRAY(E51)) -> 40981345 | R51: =D51-E51-F51-G51-H51-I51-J51-K51-L51-M51-N51-O51-P51 -> 402647037 | S51: 3621999 | T51: 3655201 | U51: 3688707 | V51: 391681126 | W51: 0 | X51: 0 | Y51: 0 | Z51: 0 | AA51: 0 | AE51: =R51-S51-T51-U51-V51-W51-X51-Y51-Z51-AA51-AB51 -> 4
A52: 20 | B52: Ratna S. Rini | D52: 31952791 | E52: {=TRANSPOSE('Piutang Bank BSI-24'!E270:E278)} -> 2313856 | F52: 2336994 | G52: 2360364 | H52: 2383968 | I52: 2407807 | J52: 2431885 | K52: 2456204 | L52: 2480766 | M52: 12780947 | Q52: =SUM(_xlfn.ANCHORARRAY(E52)) -> 31952791 | R52: =D52-E52-F52-G52-H52-I52-J52-K52-L52-M52-N52-O52-P52 -> 0 | AE52: =R52-S52-T52-U52-V52-W52-X52-Y52-Z52-AA52-AB52 -> 0
A53: 21 | B53: Saridi | C53: PUSAT | D53: 142920230 | E53: {=TRANSPOSE('Piutang Bank BSI-24'!E283:E294)} -> 1686324 | F53: 1701782 | G53: 1717382 | H53: 1733125 | I53: 1749012 | J53: 1765044 | K53: 1781224 | L53: 1797552 | M53: 1814029 | N53: 1830658 | O53: 1847439 | P53: 1864374 | Q53: =SUM(_xlfn.ANCHORARRAY(E53)) -> 21287945 | R53: =D53-E53-F53-G53-H53-I53-J53-K53-L53-M53-N53-O53-P53 -> 121632285 | S53: 1881464 | T53: 1898711 | U53: 1916115 | V53: 1933680 | W53: 1951405 | X53: 1969293 | Y53: 1987345 | Z53: 2005562 | AA53: 2023947 | AB53: 2042499 | AC53: 2061222 | AD53: 2080117 | AE53: =R53-S53-T53-U53-V53-W53-X53-Y53-Z53-AA53-AB53-AC53-AD53 -> 97880925
A54: 22 | B54: Soleh Abidin | C54: PRIOK | D54: 292705397 | E54: {=TRANSPOSE('Piutang Bank BSI-24'!E297:E308)} -> 2475229 | F54: 2497403 | G54: 2519775 | H54: 2542348 | I54: 2565124 | J54: 2588103 | K54: 2611288 | L54: 2634681 | M54: 2658283 | N54: 2682097 | O54: 2706124 | P54: 2730366 | Q54: =SUM(_xlfn.ANCHORARRAY(E54)) -> 31210821 | R54: =D54-E54-F54-G54-H54-I54-J54-K54-L54-M54-N54-O54-P54 -> 261494576 | S54: 2754826 | T54: 2779504 | U54: 2804404 | V54: 2829527 | W54: 2854875 | X54: 2880450 | Y54: 2906254 | Z54: 2932289 | AA54: 2958557 | AB54: 2985061 | AC54: 3011802 | AD54: 3038783 | AE54: =R54-S54-T54-U54-V54-W54-X54-Y54-Z54-AA54-AB54-AC54-AD54 -> 226758244
A55: 23 | B55: Suismono | C55: CABANG ALL | D55: 48557359 | E55: {=TRANSPOSE('Piutang Bank BSI-24'!E311:E321)} -> 4215675 | F55: 4254318 | G55: 4293316 | H55: 4332672 | I55: 4372388 | J55: 4412468 | K55: 4452916 | L55: 4493734 | M55: 4534927 | N55: 4576497 | O55: 4618448 | Q55: =SUM(_xlfn.ANCHORARRAY(E55)) -> 48557359 | R55: =D55-E55-F55-G55-H55-I55-J55-K55-L55-M55-N55-O55-P55 -> 0 | AE55: =R55-S55-T55-U55-V55-W55-X55-Y55-Z55-AA55-AB55 -> 0
A56: 24 | B56: Sumartini | C56: PUSAT | D56: 343005247 | E56: {=TRANSPOSE('Piutang Bank BSI-24'!E325:E336)} -> 3544442 | F56: 3576194 | G56: 3608231 | H56: 3640555 | I56: 3673168 | J56: 3706073 | K56: 3739274 | L56: 3772771 | M56: 3806569 | N56: 3840670 | O56: 3875076 | P56: 3909790 | Q56: =SUM(_xlfn.ANCHORARRAY(E56)) -> 44692813 | R56: =D56-E56-F56-G56-H56-I56-J56-K56-L56-M56-N56-O56-P56 -> 298312434 | S56: 3944815 | T56: 3980154 | U56: 4015810 | V56: 4051785 | W56: 4088082 | X56: 4124704 | Y56: 4161655 | Z56: 4198936 | AA56: 4236552 | AB56: 4274504 | AC56: 4312796 | AD56: 4351432 | AE56: =R56-S56-T56-U56-V56-W56-X56-Y56-Z56-AA56-AB56-AC56-AD56 -> 248571209
A57: 25 | B57: Toni Syarif Hidayat | C57: PRIOK | D57: 59401080 | E57: {=TRANSPOSE('Piutang Bank BSI-24'!E339:E350)} -> 2697719 | F57: 2724696 | G57: 2751943 | H57: 2779462 | I57: 2807257 | J57: 2835329 | K57: 2863683 | L57: 2892320 | M57: 2921243 | N57: 2950455 | O57: 2979960 | P57: 3009759 | Q57: =SUM(_xlfn.ANCHORARRAY(E57)) -> 34213826 | R57: =D57-E57-F57-G57-H57-I57-J57-K57-L57-M57-N57-O57-P57 -> 25187254 | S57: 3039857 | T57: 3070255 | U57: 3100958 | V57: 3131968 | W57: 3163287 | X57: 3194920 | Y57: 3226869 | Z57: 3259138 | AA57: - | AB57: 0 | AE57: LUNAS
A58: 26 | B58: Wahidin | C58: PUSAT | D58: 277497870 | E58: {=TRANSPOSE('Piutang Bank BSI-24'!E353:E364)} -> 1844028 | F58: 1860931 | G58: 1877990 | H58: 1895205 | I58: 1912578 | J58: 1930110 | K58: 1947802 | L58: 1965657 | M58: 1983676 | N58: 2001859 | O58: 2020210 | P58: 2038728 | Q58: =SUM(_xlfn.ANCHORARRAY(E58)) -> 23278774 | R58: =D58-E58-F58-G58-H58-I58-J58-K58-L58-M58-N58-O58-P58 -> 254219096 | S58: 2057417 | T58: 2076276 | U58: 2095309 | V58: 2114516 | W58: 2133899 | X58: 2153460 | Y58: 2173200 | Z58: 2193121 | AA58: 2213224 | AB58: 2233512 | AC58: 2253986 | AD58: 2274648 | AE58: =R58-S58-T58-U58-V58-W58-X58-Y58-Z58-AA58-AB58-AC58-AD58 -> 228246528
A59: 27 | B59: Wahjoe Ario Tedjo, Ir | C59: COE ENERGY | D59: 417417876 | E59: {=TRANSPOSE('Piutang Bank BSI-24'!E367:E378)} -> 5772531 | F59: 5824243 | G59: 5876419 | H59: 5929062 | I59: 5982176 | J59: 6035767 | K59: 6089837 | L59: 6144392 | M59: 6199435 | N59: 6254972 | O59: 6311006 | P59: 6367542 | Q59: =SUM(_xlfn.ANCHORARRAY(E59)) -> 72787382 | R59: =D59-E59-F59-G59-H59-I59-J59-K59-L59-M59-N59-O59-P59 -> 344630494 | S59: 6424585 | T59: 6482138 | U59: 6540207 | V59: 6598797 | W59: 6657911 | X59: 6717555 | Y59: 6777733 | Z59: 6838450 | AA59: 6899711 | AB59: 6961521 | AC59: 7023885 | AD59: 7086807 | AE59: =R59-S59-T59-U59-V59-W59-X59-Y59-Z59-AA59-AB59-AC59-AD59 -> 263621194
A60: 28 | B60: Yohana Kaonseng | C60: LUNAS | D60: 295046812 | E60: {=TRANSPOSE('Piutang Bank BSI-24'!E381:E392)} -> 6629126 | F60: 6695417 | G60: 6762372 | H60: 6829995 | I60: 6898295 | J60: 6967278 | K60: 7036951 | L60: 7107321 | M60: 7178394 | N60: 7250178 | O60: 7322679 | P60: 0 | Q60: =SUM(_xlfn.ANCHORARRAY(E60)) -> 76678006 | R60: =D60-E60-F60-G60-H60-I60-J60-K60-L60-M60-N60-O60-P60 -> 218368806 | S60: 218368804 | W60: 0 | X60: 0 | AE60: =R60-S60-T60-U60-V60-W60-X60-Y60-Z60-AA60-AB60 -> 2
A61: 29 | B61: Agris Setyawan, ST. | C61: CABANG ALL | D61: 98386216 | E61: {=TRANSPOSE('Piutang Bank BSI-24'!E395:E406)} -> 817751 | F61: 825076 | G61: 832468 | H61: 839925 | I61: 847449 | J61: 855041 | K61: 862701 | L61: 870429 | M61: 878227 | N61: 886094 | O61: 894032 | P61: 902041 | Q61: =SUM(_xlfn.ANCHORARRAY(E61)) -> 10311234 | R61: =D61-E61-F61-G61-H61-I61-J61-K61-L61-M61-N61-O61-P61 -> 88074982 | S61: 910122 | T61: 918275 | U61: 926501 | V61: 934801 | W61: 943176 | X61: 951625 | Y61: 960150 | Z61: 968751 | AA61: 977430 | AB61: 986186 | AC61: 995020 | AD61: 1003934 | AE61: =R61-S61-T61-U61-V61-W61-X61-Y61-Z61-AA61-AB61-AC61-AD61 -> 76599011
A62: 30 | B62: Bayu Mahardika Wicaksono | C62: PUSAT | D62: 353040989 | E62: {=TRANSPOSE('Piutang Bank BSI-24'!E409:E420)} -> 2273791 | F62: 2294634 | G62: 2315669 | H62: 2336896 | I62: 2358317 | J62: 2379935 | K62: 2401751 | L62: 2423767 | M62: 2445985 | N62: 2468407 | O62: 2491034 | P62: 2513868 | Q62: =SUM(_xlfn.ANCHORARRAY(E62)) -> 28704054 | R62: =D62-E62-F62-G62-H62-I62-J62-K62-L62-M62-N62-O62-P62 -> 324336935 | S62: 2536912 | T62: 2560167 | U62: 2583635 | V62: 2607318 | W62: 2631219 | X62: 2655338 | Y62: 2679679 | Z62: 2704243 | AA62: 2729032 | AB62: 2754048 | AC62: 2779293 | AD62: 2804770 | AE62: =R62-S62-T62-U62-V62-W62-X62-Y62-Z62-AA62-AB62-AC62-AD62 -> 292311281
A63: 31 | B63: Nenny Yuniarti | C63: PUSAT | D63: 148101057 | E63: {=TRANSPOSE('Piutang Bank BSI-24'!E423:E434)} -> 1915954 | F63: 1933118 | G63: 1950436 | H63: 1967908 | I63: 1985538 | J63: 2003325 | K63: 2021271 | L63: 2039378 | M63: 2057648 | N63: 2076081 | O63: 2094679 | P63: 2113444 | Q63: =SUM(_xlfn.ANCHORARRAY(E63)) -> 24158780 | R63: =D63-E63-F63-G63-H63-I63-J63-K63-L63-M63-N63-O63-P63 -> 123942277 | S63: 2132377 | T63: 2151479 | U63: 2170753 | V63: 2190199 | W63: 2209820 | X63: 2229616 | Y63: 2249590 | Z63: 2269742 | AA63: 2290076 | AB63: 2310591 | AC63: 2331290 | AD63: 2352174 | AE63: =R63-S63-T63-U63-V63-W63-X63-Y63-Z63-AA63-AB63-AC63-AD63 -> 97054570
A64: 32 | B64: Noah Cahyasasnita, ST. | C64: PUSAT | D64: 376729988 | E64: {=TRANSPOSE('Piutang Bank BSI-24'!E437:E448)} -> 2056642 | F64: 2075495 | G64: 2094520 | H64: 2113720 | I64: 2133096 | J64: 2152649 | K64: 2172382 | L64: 2192295 | M64: 2212391 | N64: 2253138 | O64: 2253138 | P64: 2273791 | Q64: =SUM(_xlfn.ANCHORARRAY(E64)) -> 25983257 | R64: =D64-E64-F64-G64-H64-I64-J64-K64-L64-M64-N64-O64-P64 -> 350746731 | S64: 2294634 | T64: 2315669 | U64: 2336896 | V64: 2358317 | W64: 2379935 | X64: 2401751 | Y64: 2423767 | Z64: 2445985 | AA64: 2468407 | AB64: 2491034 | AC64: 2513868 | AD64: 2536912 | AE64: =R64-S64-T64-U64-V64-W64-X64-Y64-Z64-AA64-AB64-AC64-AD64 -> 321779556
A65: 33 | B65: Irawati | C65: PUSAT | D65: 135926409 | E65: ='Piutang Bank BSI-24'!E451 -> 3102493 | F65: ='Piutang Bank BSI-24'!E452 -> 3130932 | G65: ='Piutang Bank BSI-24'!E453 -> 3159632 | H65: ='Piutang Bank BSI-24'!E454 -> 3188596 | I65: =-'Piutang Bank BSI-24'!D455+'Piutang Bank BSI-24'!E456 -> -373466648 | J65: ='Piutang Bank BSI-24'!E457 -> 2337767 | K65: ='Piutang Bank BSI-24'!E458 -> 1549954 | L65: ='Piutang Bank BSI-24'!E459 -> 2401159 | M65: ='Piutang Bank BSI-24'!E460 -> 2422670 | N65: ='Piutang Bank BSI-24'!E461 -> 2444373 | O65: ='Piutang Bank BSI-24'!E462 -> 2466270 | P65: ='Piutang Bank BSI-24'!E463 -> 2488364 | Q65: =SUM(_xlfn.ANCHORARRAY(E65)) -> 3102493 | R65: =D65-E65-F65-G65-H65-I65-J65-K65-L65-M65-N65-O65-P65 -> 480700847 | S65: 2510656 | T65: 2533147 | U65: 2555840 | V65: 2578736 | W65: 2601837 | X65: 2625145 | Y65: 2648662 | Z65: 2672390 | AA65: 2696330 | AB65: 2720484 | AC65: 2744855 | AD65: 2769445 | AE65: =R65-S65-T65-U65-V65-W65-X65-Y65-Z65-AA65-AB65-AC65-AD65 -> 449043320
A66: 34 | B66: Alwin Ridwan | C66: PUSAT | D66: 279448389 | E66: {=TRANSPOSE('Piutang Bank BSI-24'!E466:E477)} -> 1570890 | F66: 1585290 | G66: 1599822 | H66: 1614487 | I66: 1629286 | J66: 1644221 | K66: 1659293 | L66: 1674504 | M66: 1689853 | N66: 1705344 | O66: 1720976 | P66: 1736751 | Q66: =SUM(_xlfn.ANCHORARRAY(E66)) -> 19830717 | R66: =D66-E66-F66-G66-H66-I66-J66-K66-L66-M66-N66-O66-P66 -> 259617672 | S66: 1752672 | T66: 1768736 | U66: 1784951 | V66: 1801313 | W66: 1817825 | X66: 1834489 | Y66: 1851305 | Z66: 1868275 | AA66: =243252702+1885401 -> 245138103 | AE66: =R66-S66-T66-U66-V66-W66-X66-Y66-Z66-AA66-AB66 -> 3
A67: 35 | B67: Michelle Chantal Mustamu | C67: PUSAT | D67: 40652733 | E67: {=TRANSPOSE('Piutang Bank BSI-24'!E480:E491)} -> 714471 | F67: 721020 | G67: 727630 | H67: 734300 | I67: 741031 | J67: 747824 | K67: 754679 | L67: 761597 | M67: 768578 | N67: 775623 | O67: 782733 | P67: 789908 | Q67: =SUM(_xlfn.ANCHORARRAY(E67)) -> 9019394 | R67: =D67-E67-F67-G67-H67-I67-J67-K67-L67-M67-N67-O67-P67 -> 31633339 | S67: 797149 | T67: 804456 | U67: 811830 | V67: 819272 | W67: 826782 | X67: =27573839-175000000 -> -147426161 | Y67: 830112 | Z67: 837376 | AA67: 844703 | AB67: 852094 | AC67: 859550 | AD67: 170776165 | AE67: =R67-S67-T67-U67-V67-W67-X67-Y67-Z67-AA67-AB67-AC67-AD67 -> 11
A68: 36 | B68: Hediar Hapri Bangabua | C68: JKT KOM | D68: 31140234 | E68: {=TRANSPOSE('Piutang Bank BSI-24'!E494:E497)} -> 1351484 | F68: 1363872 | G68: 1376374 | H68: 1388991 | I68: 0 | J68: {=TRANSPOSE('Piutang Bank BSI-24'!E498:E504)} -> 1401724 | K68: 1414573 | L68: 1427540 | M68: 1440625 | N68: 1453831 | O68: 1467158 | P68: 1480607 | Q68: =SUM(_xlfn.ANCHORARRAY(E68)) -> 5480721 | R68: =D68-E68-F68-G68-H68-I68-J68-K68-L68-M68-N68-O68-P68 -> 15573455 | S68: 1494179 | T68: 1507876 | U68: 1521698 | V68: 1535647 | W68: 1549724 | X68: 1563929 | Y68: =-50000000+6400399 -> -43599601 | Z68: 1187622 | AA68: 1198014 | AB68: 1208496 | AC68: 1219071 | AD68: 1229738 | AE68: =R68-S68-T68-U68-V68-W68-X68-Y68-Z68-AA68-AB68-AC68-AD68 -> 43957062
A69: 37 | B69: R Ade Wardoyo | C69: JKT KOM | D69: 118670136 | E69: {=TRANSPOSE('Piutang Bank BSI-24'!E507:E510)} -> 1300198 | F69: 1311846 | G69: 1323598 | H69: 1335455 | I69: 0 | J69: {=TRANSPOSE('Piutang Bank BSI-24'!E511:E517)} -> 1347418 | K69: 1359489 | L69: 1371668 | M69: 1383956 | N69: 1396354 | O69: 1408863 | P69: 1421484 | Q69: =SUM(_xlfn.ANCHORARRAY(E69)) -> 5271097 | R69: =D69-E69-F69-G69-H69-I69-J69-K69-L69-M69-N69-O69-P69 -> 103709807 | S69: 1434218 | T69: 1447066 | U69: 1460029 | V69: 1473109 | W69: 1486305 | X69: 1499620 | Y69: 1513054 | Z69: 1526609 | AA69: 1540284 | AB69: 1554083 | AC69: 1568005 | AD69: 1582052 | AE69: =R69-S69-T69-U69-V69-W69-X69-Y69-Z69-AA69-AB69-AC69-AD69 -> 85625373
A70: 38 | B70: Zul Fajrin Azdin | C70: CABANG ALL | D70: 130438853 | E70: {=TRANSPOSE('Piutang Bank BSI-24'!E520:E531)} -> 1142298 | F70: 1152531 | G70: 1162856 | H70: 1173273 | I70: 1183784 | J70: 1194389 | K70: 1205088 | L70: 1215884 | M70: 1226776 | N70: 1237766 | O70: 1248854 | P70: 1260042 | Q70: =SUM(_xlfn.ANCHORARRAY(E70)) -> 14403541 | R70: =D70-E70-F70-G70-H70-I70-J70-K70-L70-M70-N70-O70-P70 -> 116035312 | S70: 1271330 | T70: 1282719 | U70: 1294210 | V70: 1305804 | W70: 1317502 | X70: 1329304 | Y70: 1341213 | Z70: 1353228 | AA70: 1365350 | AB70: 1377582 | AC70: 1389922 | AD70: 1402374 | AE70: =R70-S70-T70-U70-V70-W70-X70-Y70-Z70-AA70-AB70-AC70-AD70 -> 100004774
A71: 39 | B71: Abd. Rahman, ST | C71: JKT KOM | D71: 250000000 | E71: {=TRANSPOSE('Piutang Bank BSI-24'!E534:E545)} -> 1168884 | F71: 1179355 | G71: 1189920 | H71: 1200580 | I71: 1211335 | J71: 1222186 | K71: 1233135 | L71: 1244182 | M71: 1255328 | N71: 1266573 | O71: 1277920 | P71: 1289368 | Q71: =SUM(_xlfn.ANCHORARRAY(E71)) -> 14738766 | R71: =D71-E71-F71-G71-H71-I71-J71-K71-L71-M71-N71-O71-P71 -> 235261234 | S71: 1300918 | T71: 1312573 | U71: 1324331 | V71: 1336195 | W71: 1348165 | X71: 1360242 | Y71: 1372428 | Z71: 1384722 | AA71: 1397127 | AB71: 1409643 | AC71: 1422271 | AD71: 1435012 | AE71: =R71-S71-T71-U71-V71-W71-X71-Y71-Z71-AA71-AB71-AC71-AD71 -> 218857607
A72: 40 | B72: Faried | C72: COE TRANS & LOGIS | U72: -350000000 | V72: 1636437 | W72: 1651097 | X72: 1689406 | Y72: 1704188 | Z72: 1719100 | AA72: 1734142 | AB72: 1749316 | AC72: 1764622 | AD72: 1780063 | AE72: =R72-S72-T72-U72-V72-W72-X72-Y72-Z72-AA72-AB72-AC72-AD72 -> 334571629
A73: 41 | B73: R. Agus Doddy Dwisagita | C73: DIREKSI | V73: -500000000 | X73: 2371750 | Y73: 2392503 | Z73: 2413437 | AA73: 2434555 | AB73: 2455857 | AC73: 2477346 | AD73: 2499022 | AE73: =R73-S73-T73-U73-V73-W73-X73-Y73-Z73-AA73-AB73-AC73-AD73 -> 482955530
A74: 42 | B74: Fauzi | C74: CABANG ALL | AB74: -250000000 | AC74: 3185975 | AD74: 3213852 | AE74: =R74-S74-T74-U74-V74-W74-X74-Y74-Z74-AA74-AB74-AC74-AD74 -> 243600173
A75: 43 | B75: Adesta Munas Latief | C75: PUSAT | AC75: -350000000 | AD75: 4460365 | AE75: =R75-S75-T75-U75-V75-W75-X75-Y75-Z75-AA75-AB75-AC75-AD75 -> 345539635
A76: TOTAL | D76: =SUM(D33:D71) -> 7652994087 | E76: =SUM(E33:E71) -> 120647611 | F76: =SUM(F33:F71) -> 121756653 | G76: =SUM(G33:G71) -> 12875909 | H76: =SUM(H33:H71) -> 126787378 | I76: =SUM(I33:I71) -> -350160062 | J76: =SUM(J33:J71) -> 128405428 | K76: =SUM(K33:K71) -> 128774855 | ... Q76: =SUM(Q33:Q71) -> 1329860901 | R76: =SUM(R33:R74) -> 6788422048 | S76: =SUM(S33:S74) -> 312947889 | T76: =SUM(T33:T74) -> 95443413 | U76: =SUM(U33:U74) -> -253684350 | V76: =SUM(V33:V74) -> -213209096 | W76: =SUM(W33:W74) -> 129127676 | X76: =SUM(X33:X74) -> -200772956 | Y76: =SUM(Y33:Y74) -> 51873491 | ... AB76: =SUM(AB33:AB74) -> -160993212 | AC76: =SUM(AC33:AC75) -> -257005072 | AD76: =SUM(AD33:AD75) -> 258561324 | AE76: =SUM(AE33:AE75) -> 6326390024
E77: 120647611 | F77: 121756653 | G77: 122875909 | H77: 253320730 | I77: 117587191 | J77: 126067661 | K77: 128774855 | L77: 130795289 | M77: 129490529 | N77: 116660893 | O77: 104814975 | P77: 93722582 | R77: 6.788422e+09 | S77: 312947889 | T77: 95443415 | U77: =96315650-350000000 -> -253684350 | V77: =486790904-700000000 -> -213209096 | W77: 1.2912767e+08 | X77: =399227044-600000000 -> -200772956 | Y77: =101873491-50000000 -> 51873491 | Z77: 516425612 | AA77: =528317304-345000000 -> 183317304 | AB77: =-(250000000-86367623) -> -163632377 | AC77: =90332670-350000000 -> -259667330 | AD77: 255875771 | AE77: 6367526095
D78: =D76-D77 -> 7652994087 | E78: =E76-E77 -> 0 | F78: =F76-F77 -> 0 | G78: =G76-G77 -> -110000000 | H78: =H76-H77 -> -126533352 | I78: =I76-I77 -> -467747253 | J78: =J76-J77 -> 2337767 | K78: =K76-K77 -> 0 | ... AE78: =AE76-AE77 -> -41136071
V79: 1660225 | W79: 3062500
V80: =V72-V79 -> -23788
V82: April | W82: 164662028
V84: =32917504-23788 -> 32893716 | W84: =20567848+23788 -> 20591636
U85: sebelum | V85: 32917504 | W85: 20567848

Sheet Sheet1
A3: Rincian pengembalian atas kelebihan potongan pinjaman BSI an Mahmur Mochtar
A5: Sisa Hutang Tahun 2024 | B5: ='REKAP PIUTANG BANK'!$R$47 -> 51162179
A6: Angsuran pembayaran selama 2025 | B6: =-SUM('REKAP PIUTANG BANK'!S47+'REKAP PIUTANG BANK'!T47+'REKAP PIUTANG BANK'!U47+4565094+4606941) -> -22620022
A7: Penambahan pinjaman di bulan Mei 2025 | B7: 200000000
A8: Pelunasan Pokok dengan pinjaman baru | B8: -33149096
A9: Sisa Pinjaman per mei 2025 | B9: =SUM(B5:B8) -> 1.9539306e+08
A10: Pembayaran Pinjaman dengan potongan baru | B10: =-(2548780+2571082+2593579+2616273+2639165+2662258+2685553) -> -18316690
A11: Sisa Pinjaman per Desember 2025 | B11: 177076370
A12: Pelunasan dengan asuransi karena meninggal | B12: -181683311
A13: Selisih lebih bayar potongan di bulan Mei 2025 | B13: =B12+B11 -> -4606941
A15: Note: Pak Mahmur tetap dipotong saat bulan mei pengajuan pinjaman baru
A18: Jakarta, 5 Februari 2026
A19: Mengetahui, | B19: Pembuat Daftar,
A23: Dea Adawiyah | B23: Shaidatun Rohmah

Sheet Sheet3
A2: BSI FARIED
B3: Pokok Ditagih | C3: Pokok Seharusnya | D3: Selisih
A4: April | B4: 1636437 | C4: 1660225 | D4: =B4-C4 -> -23788
A5: Mei | B5: 1651097 | C5: 1674752 | D5: =B5-C5 -> -23655
B7: Jasa Ditagih | C7: Jasa Seharusnya | D7: Selisih
A8: April | B8: 3135417 | C8: 3062500 | D8: =B8-C8 -> 72917 | F8: =D8+D4 -> 49129
A9: Mei | B9: 3120757 | C9: 3047873 | D9: =B9-C9 -> 72884

Sheet Piutang Bank Mandiri -24
A1: PIUTANG BANK MANDIRI
D3: ANGSURAN | F3: SALDO AWAL | G3: SALDO AKHIR
D4: D | E4: K
B5: Erry Sanjaya Djayus
A6: 45292 | B6: Memo | C6: Saldo Awal | F6: 10567703
A7: 45316 | B7: Kasa | C7: Angsuran Pinjaman Bank Mandiri Erry Sanjaya Djayus | E7: 2075319 | G7: =F6-E7 -> 8492384
A8: 45345 | B8: Kasa | C8: Angsuran Pinjaman Bank Mandiri Erry Sanjaya Djayus | E8: 2094257 | G8: =G7-E8 -> 6398127
A9: 45376 | B9: Kasa | C9: Angsuran Pinjaman Bank Mandiri Erry Sanjaya Djayus | E9: 2113367 | G9: =G8-E9 -> 4284760
A10: 45407 | B10: Kasa | C10: Angsuran Pinjaman Bank Mandiri Erry Sanjaya Djayus | E10: 2132651 | G10: =G9-E10 -> 2152109
A11: 45434 | B11: Kasa | C11: Angsuran Pinjaman Bank Mandiri Erry Sanjaya Djayus | E11: 2152112 | G11: =G10-E11 -> -3
A12: 45504 | B12: Memo | C12: Selisih Pembulatan Pinjaman Bank Mandiri Erry Sanjaya Djayus | D12: 3 | G12: =G11+D12 -> 0
B13: Eva Sintauli Saragih, SE
A14: 45292 | B14: Memo | C14: Saldo Awal | F14: 287816220
A15: 45316 | B15: Kasa | C15: Angsuran Pinjaman Bank Mandiri Eva Sintauli Saragih, SE | E15: 4247034 | G15: =F14-E15 -> 283569186
A16: 45345 | B16: Kasa | C16: Angsuran Pinjaman Bank Mandiri Eva Sintauli Saragih, SE | E16: 4285788 | G16: =G15-E16 -> 279283398
A17: 45376 | B17: Kasa | C17: Angsuran Pinjaman Bank Mandiri Eva Sintauli Saragih, SE | E17: 4324896 | G17: =G16-E17 -> 274958502
A18: 45407 | B18: Kasa | C18: Angsuran Pinjaman Bank Mandiri Eva Sintauli Saragih, SE | E18: 4364360 | G18: =G17-E18 -> 270594142
A19: 45434 | B19: Kasa | C19: Angsuran Pinjaman Bank Mandiri Eva Sintauli Saragih, SE | E19: 4404185 | G19: =G18-E19 -> 266189957
A20: 45468 | B20: Kasa | C20: Angsuran Pinjaman Bank Mandiri Eva Sintauli Saragih, SE | E20: 4444373 | G20: =G19-E20 -> 261745584
A21: 45498 | B21: Kasa | C21: Angsuran Pinjaman Bank MandiriEva Sintauli Saragih, SE | E21: 4484928 | G21: =G20-E21 -> 257260656
A22: 45527 | B22: Kasa | C22: Angsuran Pinjaman Bank Mandiri Eva Sintauli Saragih, SE | E22: 4525853 | G22: =G21-E22 -> 252734803
A23: 45560 | B23: Kasa | C23: Angsuran Pinjaman Bank Mandiri Eva Sintauli Saragih, SE | E23: 4567152 | G23: =G22-E23 -> 248167651
A24: 45590 | B24: Kasa | C24: Angsuran Pinjaman Bank Mandiri Eva Sintauli Saragih, SE | E24: 4608827 | G24: =G23-E24 -> 243558824
A25: 45621 | B25: Kasa | C25: Angsuran Pinjaman Bank Mandiri Eva Sintauli Saragih, SE | E25: 4650883
A26: 45649 | B26: Kasa | C26: Angsuran Pinjaman Bank Mandiri Eva Sintauli Saragih, SE | E26: 4693322
B28: Indra Permana
A29: 45292 | B29: Memo | C29: Saldo Awal | F29: 225192026
A30: 45316 | B30: Memo | C30: Angsuran Pinjaman Bank Mandiri Indra Permana | E30: 2962673 | G30: =F29-E30 -> 222229353
A31: 45345 | B31: Kasa | C31: Angsuran Pinjaman Bank Mandiri Indra Permana | E31: 2989708 | G31: =G30-E31 -> 219239645
A32: 45376 | B32: Kasa | C32: Angsuran Pinjaman Bank Mandiri Indra Permana | E32: 3016989 | G32: =G31-E32 -> 216222656
A33: 45407 | B33: Kasa | C33: Angsuran Pinjaman Bank Mandiri Indra Permana | E33: 3044519 | G33: =G32-E33 -> 213178137
A34: 45434 | B34: Kasa | C34: Angsuran Pinjaman Bank Mandiri Indra Permana | E34: 3072300 | G34: =G33-E34 -> 210105837
A35: 45468 | B35: Kasa | C35: Angsuran Pinjaman Bank Mandiri Indra Permana | E35: 3100335 | G35: =G34-E35 -> 207005502
A36: 45498 | B36: Kasa | C36: Angsuran Pinjaman Bank Mandiri Indra Permana | E36: 3128625 | G36: =G35-E36 -> 203876877
A37: 45527 | B37: Kasa | C37: Angsuran Pinjaman Bank Mandiri Indra Permana | E37: 3157174 | G37: =G36-E37 -> 200719703
A38: 45560 | B38: Kasa | C38: Angsuran Pinjaman Bank Mandiri Indra Permana | E38: 3185983 | G38: =G37-E38 -> 197533720
A39: 45590 | B39: Kasa | C39: Angsuran Pinjaman Bank Mandiri Indra Permana | E39: 3215055 | G39: =G38-E39 -> 194318665
A40: 45621 | B40: Kasa | C40: Angsuran Pinjaman Bank Mandiri Indra Permana | E40: 3244393
A41: 45649 | B41: Kasa | C41: Angsuran Pinjaman Bank Mandiri Indra Permana | E41: 3273998
B44: Irwanto, B.Sc.
A45: 45292 | B45: Memo | C45: Saldo Awal | F45: 141784587
A46: 45316 | B46: Memo | C46: Angsuran Pinjaman Bank Mandiri Irwanto, B.Sc. | E46: 2142894 | G46: =F45-E46 -> 139641693
A47: 45345 | B47: Kasa | C47: Angsuran Pinjaman Bank Mandiri Irwanto, B.Sc. | E47: 2162448 | G47: =G46-E47 -> 137479245
A48: 45376 | B48: Kasa | C48: Angsuran Pinjaman Bank Mandiri Irwanto, B.Sc. | E48: 2182180 | G48: =G47-E48 -> 135297065
A49: 45407 | B49: Kasa | C49: Angsuran Pinjaman Bank Mandiri Irwanto, B.Sc. | E49: 2202093 | G49: =G48-E49 -> 133094972
A50: 45434 | B50: Kasa | C50: Angsuran Pinjaman Bank Mandiri Irwanto, B.Sc. | E50: 2222187 | G50: =G49-E50 -> 130872785
A51: 45468 | B51: Kasa | C51: Angsuran Pinjaman Bank Mandiri Irwanto, B.Sc. | E51: 2242464 | G51: =G50-E51 -> 128630321
A52: 45498 | B52: Kasa | C52: Angsuran Pinjaman Bank Mandiri Irwanto, B.Sc. | E52: 2262927 | G52: =G51-E52 -> 126367394
A53: 45527 | B53: Kasa | C53: Angsuran Pinjaman Bank Mandiri Irwanto, B.Sc. | E53: 2283576 | G53: =G52-E53 -> 124083818
A54: 45560 | B54: Kasa | C54: Angsuran Pinjaman Bank Mandiri Irwanto, B.Sc. | E54: 2304413 | G54: =G53-E54 -> 121779405
A55: 45590 | B55: Kasa | C55: Angsuran Pinjaman Bank Mandiri Irwanto, B.Sc. | E55: 2325441 | G55: =G54-E55 -> 119453964
A56: 45621 | B56: Kasa | C56: Angsuran Pinjaman Bank Mandiri Irwanto, B.Sc. | E56: 2346661
A57: 45649 | B57: Kasa | C57: Angsuran Pinjaman Bank Mandiri Irwanto, B.Sc. | E57: 2368074
B59: Mahmud Mochtar, ST
A60: 45292 | B60: Memo | C60: Saldo Awal | F60: 21230965
A61: 45316 | B61: Memo | C61: Angsuran Pinjaman Bank Mandiri Mahmur Mochtar, ST | E61: 5235641 | G61: =F60-E61 -> 15995324
A62: 45345 | B62: Kasa | C62: Angsuran Pinjaman Bank Mandiri Mahmur Mochtar, ST | E62: 5283417 | G62: =G61-E62 -> 10711907
A63: 45376 | B63: Kasa | C63: Angsuran Pinjaman Bank Mandiri Mahmur Mochtar, ST | E63: 5331628 | G63: =G62-E63 -> 5380279
A64: 45407 | B64: Kasa | C64: Angsuran Pinjaman Bank Mandiri Mahmur Mochtar, ST | E64: 5380279 | G64: =G63-E64 -> 0
B65: Rachmat Kurniawan
A66: 45292 | B66: Memo | C66: Saldo Awal | F66: 136985065
A67: 45316 | B67: Kasa | C67: Angsuran Pinjaman Bank Mandiri Rachmat Kurniawan | E67: 3454452 | G67: =F66-E67 -> 133530613
A68: 45345 | B68: Kasa | C68: Angsuran Pinjaman Bank Mandiri Rachmat Kurniawan | E68: 3485974 | G68: =G67-E68 -> 130044639
A69: 45376 | B69: Kasa | C69: Angsuran Pinjaman Bank Mandiri Rachmat Kurniawan | E69: 3517784 | G69: =G68-E69 -> 126526855
A70: 45407 | B70: Kasa | C70: Angsuran Pinjaman Bank Mandiri Rachmat Kurniawan | E70: 3549883 | G70: =G69-E70 -> 122976972
A71: 45434 | B71: Kasa | C71: Angsuran Pinjaman Bank Mandiri Rachmat Kurniawan | E71: 3582276 | G71: =G70-E71 -> 119394696
A72: 45468 | B72: Kasa | C72: Angsuran Pinjaman Bank Mandiri Rachmat Kurniawan | E72: 3614964 | G72: =G71-E72 -> 115779732
A73: 45498 | B73: Kasa | C73: Angsuran Pinjaman Bank Mandiri Rachmat Kurniawan | E73: 3647951 | G73: =G72-E73 -> 112131781
A74: 45527 | B74: Kasa | C74: Angsuran Pinjaman Bank Mandiri Rachmat Kurniawan | E74: 3681239 | G74: =G73-E74 -> 108450542
A75: 45560 | B75: Kasa | C75: Angsuran Pinjaman Bank Mandiri Rachmat Kurniawan | E75: 3714830 | G75: =G74-E75 -> 104735712
A76: 45590 | B76: Kasa | C76: Angsuran Pinjaman Bank Mandiri Rachmat Kurniawan | E76: 3748728 | G76: =G75-E76 -> 100986984
A77: 45621 | B77: Kasa | C77: Angsuran Pinjaman Bank Mandiri Rachmat Kurniawan | E77: 3782935
A78: 45649 | B78: Kasa | C78: Angsuran Pinjaman Bank Mandiri Rachmat Kurniawan | E78: 3817454
B79: Rahadi Sigit
A80: 45292 | B80: Memo | C80: Saldo Awal | F80: 10756473
A81: 45316 | B81: Memo | C81: Angsuran Pinjaman Bank Mandiri Rahadi Sigit | E81: 852271 | G81: =F80-E81 -> 9904202
A82: 45345 | B82: Kasa | C82: Angsuran Pinjaman Bank Mandiri Rahadi Sigit | E82: 860048 | G82: =G81-E82 -> 9044154
A83: 45376 | B83: Kasa | C83: Angsuran Pinjaman Bank Mandiri Rahadi Sigit | E83: 867896 | G83: =G82-E83 -> 8176258
A84: 45407 | B84: Kasa | C84: Angsuran Pinjaman Bank Mandiri Rahadi Sigit | E84: 875816 | G84: =G83-E84 -> 7300442
A85: 45434 | B85: Kasa | C85: Angsuran Pinjaman Bank Mandiri Rahadi Sigit | E85: 883807 | G85: =G84-E85 -> 6416635
A86: 45468 | B86: Kasa | C86: Angsuran Pinjaman Bank Mandiri Rahadi Sigit | E86: 891872 | G86: =G85-E86 -> 5524763
A87: 45498 | B87: Kasa | C87: Angsuran Pinjaman Bank Mandiri Rahadi Sigit | E87: 900011 | G87: =G86-E87 -> 4624752
A88: 45527 | B88: Kasa | C88: Angsuran Pinjaman Bank Mandiri Rahadi Sigit | E88: 908223 | G88: =G87-E88 -> 3716529
A89: 45560 | B89: Kasa | C89: Angsuran Pinjaman Bank Mandiri Rahadi Sigit | E89: 916511 | G89: =G88-E89 -> 2800018
A90: 45590 | B90: Kasa | C90: Angsuran Pinjaman Bank Mandiri Rahadi Sigit | E90: 924874 | G90: =G89-E90 -> 1875144
A91: 45986 | B91: Kasa | C91: Angsuran Pinjaman Bank Mandiri Rahadi Sigit | E91: 933313
A92: 45649 | B92: Kasa | C92: Angsuran Pinjaman Bank Mandiri Rahadi Sigit | E92: 941831
B93: Ratna S. Rini
A94: 45292 | B94: Memo | C94: Saldo Awal | F94: 155726794
A95: 45316 | B95: Memo | C95: Angsuran Pinjaman Bank Mandiri Ratna S. Rini | E95: 7132809 | G95: =F94-E95 -> 148593985
A96: 45345 | B96: Kasa | C96: Angsuran Pinjaman Bank Mandiri Ratna S. Rini | E96: 7197896 | G96: =G95-E96 -> 141396089
A97: 45376 | B97: Kasa | C97: Angsuran Pinjaman Bank Mandiri Ratna S. Rini | E97: 7263576 | G97: =G96-E97 -> 134132513
A98: 45407 | B98: Kasa | C98: Angsuran Pinjaman Bank Mandiri Ratna S. Rini | E98: 7329857 | G98: =G97-E98 -> 126802656
A99: 45434 | B99: Kasa | C99: Angsuran Pinjaman Bank Mandiri Ratna S. Rini | E99: 7396741 | G99: =G98-E99 -> 119405915
A100: 45468 | B100: Kasa | C100: Angsuran Pinjaman Bank Mandiri Ratna S. Rini | E100: 7464237 | G100: =G99-E100 -> 111941678
A101: 45498 | B101: Kasa | C101: Angsuran Pinjaman Bank Mandiri Ratna S. Rini | E101: 7532348 | G101: =G100-E101 -> 104409330
A102: 45527 | B102: Kasa | C102: Angsuran Pinjaman Bank Mandiri Ratna S. Rini | E102: 7601081 | G102: =G101-E102 -> 96808249
A103: 45560 | B103: Kasa | C103: Pelunasan Pinjaman Bank Mandiri Ratna S. Rini | E103: 96808247 | G103: =G102-E103 -> 2
C105: Jumlah transaksi Sub Perk
B106: Rochmansyah
...

Sheet Piutang Bank BSI-24
A3: 1104.008
D5: ANGSURAN | F5: SALDO AWAL | G5: SALDO AKHIR
D6: D | E6: K
B7: Achmad Tawakkal
A8: 45292 | B8: Memo | C8: Saldo Awal | F8: 441301238
A9: 45316 | B9: Kasa | C9: Angsuran Pinjaman Bank BSI Achmad Tawakkal | E9: 2842239 | G9: =F8-E9 -> 438458999
A10: 45345 | B10: Kasa | C10: Angsuran Pinjaman Bank BSI Achmad Tawakkal | E10: 2868293 | G10: =G9-E10 -> 435590706
A11: 45376 | B11: Kasa | C11: Angsuran Pinjaman Bank BSI Achmad Tawakkal | E11: 2894586 | G11: =G10-E11 -> 432696120
A12: 45407 | B12: Kasa | C12: Angsuran Pinjaman Bank BSI Achmad Tawakkal | E12: 2921119 | G12: =G11-E12 -> 429775001
A13: 45434 | B13: Kasa | C13: Angsuran Pinjaman Bank BSI Achmad Tawakkal | E13: 2947896 | G13: =G12-E13 -> 426827105
A14: 45468 | B14: Kasa | C14: Angsuran Pinjaman Bank BSI Achmad Tawakkal | E14: 2974919 | G14: =G13-E14 -> 423852186
A15: 45498 | B15: Kasa | C15: Angsuran Pinjaman Bank BSI Achmad Tawakkal | E15: 3002189 | G15: =G14-E15 -> 420849997
A16: 45527 | B16: Kasa | C16: Angsuran Pinjaman Bank BSI Achmad Tawakkal | E16: 3029709 | G16: =G15-E16 -> 417820288
A17: 45560 | B17: Kasa | C17: Angsuran Pinjaman Bank BSI Achmad Tawakkal | E17: 3057481 | G17: =G16-E17 -> 414762807
A18: 45590 | B18: Kasa | C18: Angsuran Pinjaman Bank BSI Achmad Tawakkal | E18: 3085508 | G18: =G17-E18 -> 411677299
A19: 45621 | B19: Kasa | C19: Angsuran Pinjaman Bank BSI Achmad Tawakkal | E19: 3113792 | G19: =G18-E19 -> 408563507
A20: 45649 | B20: Kasa | C20: Angsuran Pinjaman Bank BSI Achmad Tawakkal | E20: 3142335 | G20: =G19-E20 -> 405421172
B21: Agung Prihanto, Ir
A22: 45292 | B22: Memo | C22: Saldo Awal | F22: 80174732
A23: 45316 | B23: Kasa | C23: Angsuran Pinjaman Bank BSI Agung Prihanto, Ir | E23: 8586633 | G23: =F22-E23 -> 71588099
A24: 45345 | B24: Kasa | C24: Angsuran Pinjaman Bank BSI Agung Prihanto, Ir | E24: 8665343 | G24: =G23-E24 -> 62922756
A25: 45376 | B25: Kasa | C25: Angsuran Pinjaman Bank BSI Agung Prihanto, Ir | E25: 8744776 | G25: =G24-E25 -> 54177980
A26: 45407 | B26: Kasa | C26: Angsuran Pinjaman Bank BSI Agung Prihanto, Ir | E26: 8824936 | G26: =G25-E26 -> 45353044
A27: 45434 | B27: Kasa | C27: Angsuran Pinjaman Bank BSI Agung Prihanto, Ir | E27: 8905831 | G27: =G26-E27 -> 36447213
A28: 45468 | B28: Kasa | C28: Angsuran Pinjaman Bank BSI Agung Prihanto, Ir | E28: 8987468 | G28: =G27-E28 -> 27459745
A29: 45498 | B29: Kasa | C29: Angsuran Pinjaman Bank BSI Agung Prihanto, Ir | E29: 9069853 | G29: =G28-E29 -> 18389892
A30: 45527 | B30: Kasa | C30: Angsuran Pinjaman Bank BSI Agung Prihanto, Ir | E30: 9152994 | G30: =G29-E30 -> 9236898
A31: 45560 | B31: Kasa | C31: Angsuran Pinjaman Bank BSI Agung Prihanto, Ir | E31: 9236898 | G31: =G30-E31 -> 0
B35: Andi Lama Passesu
A36: 45292 | B36: Memo | C36: Saldo Awal | F36: 259099951
A37: 45316 | B37: Kasa | C37: Angsuran Pinjaman Bank BSI Andi Lama Passesu | E37: 5234765 | G37: =F36-E37 -> 253865186
A38: 45345 | B38: Kasa | C38: Angsuran Pinjaman Bank BSI Andi Lama Passesu | E38: 5282751 | G38: =G37-E38 -> 248582435
A39: 45376 | B39: Kasa | C39: Angsuran Pinjaman Bank BSI Andi Lama Passesu | E39: 5331176 | G39: =G38-E39 -> 243251259
A40: 45407 | B40: Kasa | C40: Angsuran Pinjaman Bank BSI Andi Lama Passesu | E40: 5380045 | G40: =G39-E40 -> 237871214
A41: 45434 | B41: Kasa | C41: Angsuran Pinjaman Bank BSI Andi Lama Passesu | E41: 5429362 | G41: =G40-E41 -> 232441852
A42: 45468 | B42: Kasa | C42: Angsuran Pinjaman Bank BSI Andi Lama Passesu | E42: 5479131 | G42: =G41-E42 -> 226962721
A43: 45498 | B43: Kasa | C43: Angsuran Pinjaman Bank BSI Andi Lama Passesu | E43: 5529356 | G43: =G42-E43 -> 221433365
A44: 45527 | B44: Kasa | C44: Angsuran Pinjaman Bank BSI Andi Lama Passesu | E44: 5580042 | G44: =G43-E44 -> 215853323
A45: 45560 | B45: Kasa | C45: Angsuran Pinjaman Bank BSI Andi Lama Passesu | E45: 5631193 | G45: =G44-E45 -> 210222130
A46: 45590 | B46: Kasa | C46: Angsuran Pinjaman Bank BSI Andi Lama Passesu | E46: 5682812 | G46: =G45-E46 -> 204539318
A47: 45621 | B47: Kasa | C47: Angsuran Pinjaman Bank BSI Andi Lama Passesu | E47: 5734904 | G47: =G46-E47 -> 198804414
A48: 45649 | B48: Kasa | C48: Angsuran Pinjaman Bank BSI Andi Lama Passesu | E48: 5787474 | G48: =G47-E48 -> 193016940
B49: Arief Budi Permana, Ir
A50: 45292 | B50: Memo | C50: Saldo Awal | F50: 168135207
A51: 45317 | B51: Kasa | C51: Angsuran Pinjaman Bank BSI Arief Budi Permana, Ir | E51: 16146806 | G51: =F50-E51 -> 151988401
A52: 45346 | B52: Kasa | C52: Angsuran Pinjaman Bank BSI Arief Budi Permana, Ir | E52: 16291455 | G52: =G51-E52 -> 135696946
A53: 45377 | B53: Kasa | C53: Angsruan Pinjaman Bank BSI Arief Budi Permana, Ir | E53: 16437399 | G53: =G52-E53 -> 119259547
A54: 45408 | B54: Kasa | C54: Angsuran Pinjaman Bank BSI Arief Budi Permana, Ir | E54: 16584651 | G54: =G53-E54 -> 102674896
A55: 45437 | B55: Kasa | C55: Angsuran Pinjaman Bank BSI Arief Budi Permana, Ir | E55: 16733222 | G55: =G54-E55 -> 85941674
A56: 45469 | B56: Kasa | C56: Angsuran Pinjaman Bank BSI Arief Budi Permana, Ir | E56: 16883124 | G56: =G55-E56 -> 69058550
A57: 45500 | B57: Kasa | C57: Angsuran Pinjaman Bank BSI Arief Budi Permana, Ir | E57: 17034368 | G57: =G56-E57 -> 52024182
A58: 45530 | B58: Kasa | C58: Angsuran Pinjaman Bank BSI Arief Budi Permana, Ir | E58: 17186967 | G58: =G57-E58 -> 34837215
A59: 45561 | B59: Kasa | C59: Angsuran Pinjaman Bank BSI Arief Budi Permana, Ir | E59: 17340934 | G59: =G58-E59 -> 17496281
A61: TUTUP DENGAN DANA BLOKIRAN PINJAMAN ANGGOTA
B64: Dandi Rukmana
A65: 45292 | B65: Memo | C65: Saldo Awal | F65: 322608414
A66: 45316 | B66: Kasa | C66: Angsuran Pinjaman Bank BSI Dandi Rukmana | E66: 2512754 | G66: =F65-E66 -> 320095660
A67: 45345 | B67: Kasa | C67: Angsuran Pinjaman Bank BSI Dandi Rukmana | E67: 2537881 | G67: =G66-E67 -> 317557779
A68: 45376 | B68: Kasa | C68: Angsuran Pinjaman Bank BSI Dandi Rukmana | E68: 2563260 | G68: =G67-E68 -> 314994519
A69: 45407 | B69: Kasa | C69: Angsuran Pinjaman BSI Dandi Rukmana | E69: 2588893 | G69: =G68-E69 -> 312405626
A70: 45434 | B70: Kasa | C70: Angsuran Pinjaman Bank BSI Dandi Rukmana | E70: 2614782 | G70: =G69-E70 -> 309790844
A71: 45468 | B71: Kasa | C71: Angsuran Pinjaman Bank BSI Dandi Rukmana | E71: 2640929 | G71: =G70-E71 -> 307149915
A72: 45498 | B72: Kasa | C72: Angsuran Pinjaman Bank BSI Dandi Rukmana | E72: 2667339 | G72: =G71-E72 -> 304482576
A73: 45527 | B73: Kasa | C73: Angsuran Pinjaman Bank BSI Dandi Rukmana | E73: 2694012 | G73: =G72-E73 -> 301788564
A74: 45560 | B74: Kasa | C74: Angsuran Pinjaman Bank BSI Dandi Rukmana | E74: 2720952 | G74: =G73-E74 -> 299067612
A75: 45590 | B75: Kasa | C75: Angsuran Pinjaman Bank BSI Dandi Rukmana | E75: 2748162 | G75: =G74-E75 -> 296319450
A76: 45621 | B76: Kasa | C76: Angsuran Pinjaman Bank BSI Dandi Rukmana | E76: 2775643 | G76: =G75-E76 -> 293543807
A77: 45649 | B77: Kasa | C77: Angsuran Pinjaman Bank BSI Dandi Rukmana | E77: 2803400 | G77: =G76-E77 -> 290740407
B78: Dede Mamun, SE
A79: 45292 | B79: Memo | C79: Saldo Awal | F79: 167114617
A80: 45316 | B80: Kasa | C80: Angsuran Pinjaman Bank BSI Dede Mamun, SE | E80: 4700818 | G80: =F79-E80 -> 162413799
A81: 45345 | B81: Kasa | C81: Angsuran Pinjaman Bank BSI Dede Mamun, SE | E81: 4742929 | G81: =G80-E81 -> 157670870
A82: 45376 | B82: Kasa | C82: Angsuran Pinjaman Bank BSI Dede Mamun, SE | E82: 4785418 | G82: =G81-E82 -> 152885452
A83: 45407 | B83: Kasa | C83: Angsuran Pinjaman Bank BSI Dede Mamun, SE | E83: 4828287 | G83: =G82-E83 -> 148057165
A84: 45426 | B84: Kasa | C84: Pelunasan Pinjaman Bank BSI Dede Mamun, SE | E84: 148057161 | G84: =G83-E84 -> 4
A85: 45427 | B85: Memo | C85: Pencairan Pinjaman Bank BSI Dede Mamum | D85: 240000000 | G85: =G84+D85 -> 240000004
A86: 45468 | B86: Kasa | C86: Angsuran Pinjaman Bank BSI Dede Mamun, SE | E86: 7008660 | G86: =G85-E86 -> 232991344
A87: 45498 | B87: Kasa | C87: Angsuran Pinjaman Bank BSI Dede Mamun, SE | E87: 7071445 | G87: =G86-E87 -> 225919899
A88: 45527 | B88: Kasa | C88: Angsuran Pinjaman Bank BSI Dede Mamun, SE | E88: 7134794 | G88: =G87-E88 -> 218785105
A89: 45560 | B89: Kasa | C89: Angsuran Pinjaman Bank BSI Dede Mamun, SE | E89: 7198710 | G89: =G88-E89 -> 211586395
A90: 45590 | B90: Kasa | C90: Angsuran Pinjaman Bank BSI Dede Mamun, SE | E90: 7263198 | G90: =G89-E90 -> 204323197
A91: 45621 | C91: Angsuran Pinjaman Bank BSI Dede Mamun, SE | E91: 7328264 | G91: =G90-E91 -> 196994933
A92: 45649 | C92: Angsuran Pinjaman Bank BSI Dede Mamun, SE | E92: 7393913 | G92: =G91-E92 -> 189601020
B93: Elis Rosida
A95: 45292 | B95: Memo | C95: Saldo Awal | F95: 101419449
A96: 45316 | B96: Kasa | C96: Angsuran Pinjaman Bank BSI Elis Rosida | E96: 3981129 | G96: =F95-E96 -> 97438320
A97: 45345 | B97: Kasa | C97: Angsuran Pinjaman Bank BSI Elis Rosida | E97: 4017623 | G97: =G96-E97 -> 93420697
A98: 45376 | B98: Kasa | C98: Angsuran Pinjaman Bank BSI Elis Rosida | E98: 4054451 | G98: =G97-E98 -> 89366246
A99: 45407 | B99: Kasa | C99: Angsuran Pinjaman Bank BSI Elis Rosida | E99: 4091617 | G99: =G98-E99 -> 85274629
A100: 45434 | B100: Kasa | C100: Angsuran Pinjaman Bank BSI Elis Rosida | E100: 4129123 | G100: =G99-E100 -> 81145506
A101: 45468 | B101: Kasa | C101: Angsuran Pinjaman Bank BSI Elis Rosida | E101: 4166974 | G101: =G100-E101 -> 76978532
A102: 45498 | B102: Kasa | C102: Angsuran Pinjaman Bank BSI Elis Rosida | E102: 4205171 | G102: =G101-E102 -> 72773361
A103: 45527 | B103: Kasa | C103: Angsuran Pinjaman Bank BSI Elis Rosida | E103: 4243718 | G103: =G102-E103 -> 68529643
A104: 45560 | B104: Kasa | C104: Angsuran Pinjaman Bank BSI Elis Rosida | E104: 4282619 | G104: =G103-E104 -> 64247024
A105: 45590 | B105: Kasa | C105: Angsuran Pinjaman Bank BSI Elis Rosida | E105: 4321877 | G105: =G104-E105 -> 59925147
A106: 45621 | B106: Kasa | C106: Angsuran Pinjaman Bank BSI Elis Rosida | E106: 4361494 | G106: =G105-E106 -> 55563653
A107: 45649 | B107: Kasa | C107: Angsuran Pinjaman Bank BSI Elis Rosida | E107: 4401474 | G107: =G106-E107 -> 51162179
B108: Endah Mustika Ningtyas
A109: 45292 | B109: Memo | C109: Saldo Awal | F109: 145619024
A110: 45316 | B110: Kasa | C110: Angsuran Pinjaman Bank BSI Endah Mustika Ningtyas | E110: 1178507 | G110: =F109-E110 -> 144440517
...

Sheet Piutang Bank Mandiri -25
A1: PIUTANG BANK MANDIRI
D3: ANGSURAN | F3: SALDO AWAL | G3: SALDO AKHIR
D4: D | E4: K
B5: Eva Sintauli Saragih, SE
A6: 45658 | B6: Memo | C6: Saldo Awal | F6: ='REKAP PIUTANG BANK'!$R$9 -> 234214619
A7: 45682 | B7: Kasa | C7: Angsuran Pinjaman Bank Mandiri Eva Sintauli Saragih, SE | E7: 4736148 | G7: =F6-E7 -> 229478471
A8: 45711 | B8: Kasa | C8: Angsuran Pinjaman Bank Mandiri Eva Sintauli Saragih, SE | E8: 4779366 | G8: =G7-E8 -> 224699105
A9: 45741 | B9: Kasa | C9: Angsuran Pinjaman Bank Mandiri Eva Sintauli Saragih, SE | E9: 4822977 | G9: =G8-E9 -> 219876128
A10: 45772 | B10: Kasa | C10: Angsuran Pinjaman Bank Mandiri Eva Sintauli Saragih, SE | E10: 4866987 | G10: =G9-E10 -> 215009141
B11: Kasa | C11: Angsuran Pinjaman Bank Mandiri Eva Sintauli Saragih, SE | G11: =G10-E11 -> 215009141
B12: Kasa | C12: Angsuran Pinjaman Bank Mandiri Eva Sintauli Saragih, SE | G12: =G11-E12 -> 215009141
B13: Kasa | C13: Angsuran Pinjaman Bank MandiriEva Sintauli Saragih, SE | G13: =G12-E13 -> 215009141
B14: Kasa | C14: Angsuran Pinjaman Bank Mandiri Eva Sintauli Saragih, SE | G14: =G13-E14 -> 215009141
B15: Kasa | C15: Angsuran Pinjaman Bank Mandiri Eva Sintauli Saragih, SE | G15: =G14-E15 -> 215009141
B16: Kasa | C16: Angsuran Pinjaman Bank Mandiri Eva Sintauli Saragih, SE | G16: =G15-E16 -> 215009141
B17: Kasa | C17: Angsuran Pinjaman Bank Mandiri Eva Sintauli Saragih, SE | G17: =G16-E17 -> 215009141
B18: Kasa | C18: Angsuran Pinjaman Bank Mandiri Eva Sintauli Saragih, SE | G18: =G17-E18 -> 215009141
B20: Indra Permana
A21: 45658 | B21: Memo | C21: Saldo Awal | F21: ='REKAP PIUTANG BANK'!$R$22 -> 187800274
B22: Memo | C22: Angsuran Pinjaman Bank Mandiri Indra Permana | E22: 3303873 | G22: =F21-E22 -> 184496401
B23: Kasa | C23: Angsuran Pinjaman Bank Mandiri Indra Permana | E23: 3334021 | G23: =G22-E23 -> 181162380
B24: Kasa | C24: Angsuran Pinjaman Bank Mandiri Indra Permana | E24: 3364444 | G24: =G23-E24 -> 177797936
B25: Kasa | C25: Angsuran Pinjaman Bank Mandiri Indra Permana | E25: 3395144 | G25: =G24-E25 -> 174402792
B26: Kasa | C26: Angsuran Pinjaman Bank Mandiri Indra Permana | G26: =G25-E26 -> 174402792
B27: Kasa | C27: Angsuran Pinjaman Bank Mandiri Indra Permana | G27: =G26-E27 -> 174402792
B28: Kasa | C28: Angsuran Pinjaman Bank Mandiri Indra Permana | G28: =G27-E28 -> 174402792
B29: Kasa | C29: Angsuran Pinjaman Bank Mandiri Indra Permana | G29: =G28-E29 -> 174402792
B30: Kasa | C30: Angsuran Pinjaman Bank Mandiri Indra Permana | G30: =G29-E30 -> 174402792
B31: Kasa | C31: Angsuran Pinjaman Bank Mandiri Indra Permana | G31: =G30-E31 -> 174402792
B32: Kasa | C32: Angsuran Pinjaman Bank Mandiri Indra Permana | G32: =G31-E32 -> 174402792
B33: Kasa | C33: Angsuran Pinjaman Bank Mandiri Indra Permana | G33: =G32-E33 -> 174402792
B36: Irwanto, B.Sc.
A37: 45658 | B37: Memo | C37: Saldo Awal | F37: ='REKAP PIUTANG BANK'!$R$6 -> 114739229
B38: Memo | C38: Angsuran Pinjaman Bank Mandiri Irwanto, B.Sc. | E38: 2389683 | G38: =F37-E38 -> 112349546
B39: Kasa | C39: Angsuran Pinjaman Bank Mandiri Irwanto, B.Sc. | E39: 2411489 | G39: =G38-E39 -> 109938057
B40: Kasa | C40: Angsuran Pinjaman Bank Mandiri Irwanto, B.Sc. | E40: 2433494 | G40: =G39-E40 -> 107504563
B41: Kasa | C41: Angsuran Pinjaman Bank Mandiri Irwanto, B.Sc. | E41: 2455699 | G41: =G40-E41 -> 105048864
B42: Kasa | C42: Angsuran Pinjaman Bank Mandiri Irwanto, B.Sc. | G42: =G41-E42 -> 105048864
B43: Kasa | C43: Angsuran Pinjaman Bank Mandiri Irwanto, B.Sc. | G43: =G42-E43 -> 105048864
B44: Kasa | C44: Angsuran Pinjaman Bank Mandiri Irwanto, B.Sc. | G44: =G43-E44 -> 105048864
B45: Kasa | C45: Angsuran Pinjaman Bank Mandiri Irwanto, B.Sc. | G45: =G44-E45 -> 105048864
B46: Kasa | C46: Angsuran Pinjaman Bank Mandiri Irwanto, B.Sc. | G46: =G45-E46 -> 105048864
B47: Kasa | C47: Angsuran Pinjaman Bank Mandiri Irwanto, B.Sc. | G47: =G46-E47 -> 105048864
B48: Kasa | C48: Angsuran Pinjaman Bank Mandiri Irwanto, B.Sc. | G48: =G47-E48 -> 105048864
B49: Kasa | C49: Angsuran Pinjaman Bank Mandiri Irwanto, B.Sc. | G49: =G48-E49 -> 105048864
B51: Rachmat Kurniawan
A52: 45658 | B52: Memo | C52: Saldo Awal | F52: ='REKAP PIUTANG BANK'!$R$12 -> 93386595
B53: Kasa | C53: Angsuran Pinjaman Bank Mandiri Rachmat Kurniawan | E53: 3852288 | G53: =F52-E53 -> 89534307
B54: Kasa | C54: Angsuran Pinjaman Bank Mandiri Rachmat Kurniawan | E54: 3887440 | G54: =G53-E54 -> 85646867
B55: Kasa | C55: Angsuran Pinjaman Bank Mandiri Rachmat Kurniawan | E55: 3922913 | G55: =G54-E55 -> 81723954
B56: Kasa | C56: Angsuran Pinjaman Bank Mandiri Rachmat Kurniawan | E56: 3958710 | G56: =G55-E56 -> 77765244
B57: Kasa | C57: Angsuran Pinjaman Bank Mandiri Rachmat Kurniawan | G57: =G56-E57 -> 77765244
B58: Kasa | C58: Angsuran Pinjaman Bank Mandiri Rachmat Kurniawan | G58: =G57-E58 -> 77765244
B59: Kasa | C59: Angsuran Pinjaman Bank Mandiri Rachmat Kurniawan | G59: =G58-E59 -> 77765244
B60: Kasa | C60: Angsuran Pinjaman Bank Mandiri Rachmat Kurniawan | G60: =G59-E60 -> 77765244
B61: Kasa | C61: Angsuran Pinjaman Bank Mandiri Rachmat Kurniawan | G61: =G60-E61 -> 77765244
B62: Kasa | C62: Angsuran Pinjaman Bank Mandiri Rachmat Kurniawan | G62: =G61-E62 -> 77765244
B63: Kasa | C63: Angsuran Pinjaman Bank Mandiri Rachmat Kurniawan | G63: =G62-E63 -> 77765244
B64: Kasa | C64: Angsuran Pinjaman Bank Mandiri Rachmat Kurniawan | G64: =G63-E64 -> 77765244
C66: Jumlah transaksi Sub Perk
B67: Rochmansyah
A68: 45658 | B68: Memo | C68: Saldo Awal | F68: ='REKAP PIUTANG BANK'!$R$7 -> 21629318
B69: Memo | C69: Angsuran Pinjaman Bank Mandiri Rochmansyah | E69: 4247634 | G69: =F68-E69 -> 17381684
B70: Kasa | C70: Angsuran Pinjaman Bank Mandiri Rochmansyah | E70: 4286393 | G70: =G69-E70 -> 13095291
B71: Kasa | C71: Angsuran Pinjaman Bank Mandiri Rochmansyah | E71: 4325507 | G71: =G70-E71 -> 8769784
B72: Kasa | C72: Angsuran Pinjaman Bank Mandiri Rochmansyah | E72: 4364977 | G72: =G71-E72 -> 4404807
B73: Kasa | C73: Angsuran Pinjaman Bank Mandiri Rochmansyah | G73: =G72-E73 -> 4404807
B74: Kasa | C74: Angsuran Pinjaman Bank Mandiri Rochmansyah | G74: =G73-E74 -> 4404807
B75: Kasa | C75: Angsuran Pinjaman Bank Mandir Rochmansyah | G75: =G74-E75 -> 4404807
B76: Kasa | C76: Angsuran Pinjaman Bank Mandiri Rochmansyah | G76: =G75-E76 -> 4404807
B77: Kasa | C77: Angsuran Pinjaman Bank Mandiri Rochmansyah | G77: =G76-E77 -> 4404807
B78: Kasa | C78: Angsuran Pinjaman Bank Mandiri Rochmansyah | G78: =G77-E78 -> 4404807
B79: Kasa | C79: Angsuran Pinjaman Bank Mandiri Rochmansyah | G79: =G78-E79 -> 4404807
B80: Kasa | C80: Angsuran Pinjaman Bank Mandiri Rochmansyah | G80: =G79-E80 -> 4404807
B83: Sudirman, SE
A84: 45292 | B84: Memo | C84: Saldo Awal | F84: 25968558
C85: Saldo Akhir | G85: =F84 -> 25968558
B87: Sukadi Redji
A88: 45658 | B88: Memo | C88: Saldo Awal | F88: ='REKAP PIUTANG BANK'!$R$10 -> 86627393
B89: Memo | C89: Angsuran Pinjaman Bank Mandiri Sukadi Redji | E89: 4196233 | G89: =F88-E89 -> 82431160
B90: Kasa | C90: Angsuran Pinjaman Bank Mandiri Sukadi Redji | E90: 4234523 | G90: =G89-E90 -> 78196637
B91: Kasa | C91: Angsuran Pinjaman Bank Mandiri Sukadi Redji | E91: 4273163 | G91: =G90-E91 -> 73923474
B92: Kasa | C92: Angsuran Pinjaman Bank Mandiri Sukadi Redji | E92: 4312156 | G92: =G91-E92 -> 69611318
B93: Kasa | C93: Angsuran Pinjaman Bank Mandiri Sukadi Redji | G93: =G92-E93 -> 69611318
B94: Kasa | C94: Angsuran Pinjaman Bank Mandiri Sukadi Redji | G94: =G93-E94 -> 69611318
B95: Kasa | C95: Angsuran Pinjaman Bank Mandiri Sukadi Redji | G95: =G94-E95 -> 69611318
B96: Kasa | C96: Angsuran Pinjaman Bank Mandiri Sukadi Redji | G96: =G95-E96 -> 69611318
B97: Kasa | C97: Angsuran Pinjaman Bank Mandiri Sukadi Redji | G97: =G96-E97 -> 69611318
B98: Kasa | C98: Angsuran Pinjaman Bank Mandiri Sukadi Redji | G98: =G97-E98 -> 69611318
B99: Kasa | C99: Angsuran Pinjaman Bank Mandiri Sukadi Redji | G99: =G98-E99 -> 69611318
B100: Kasa | C100: Angsuran Pinjaman Bank Mandiri Sukadi Redji | G100: =G99-E100 -> 69611318
B103: Sumartini
A104: 45658 | B104: Memo | C104: Saldo Awal | F104: ='REKAP PIUTANG BANK'!$R$5 -> 183582771
B105: Memo | C105: Angsuran Pinjaman Bank Mandiri Sumartini | E105: 3823493 | G105: =F104-E105 -> 179759278
B106: Kasa | C106: Angsuran Pinjaman Bank Mandiri Sumartini | E106: 3858382 | G106: =G105-E106 -> 175900896
B107: Kasa | C107: Angsuran Pinjaman Bank Mandiri Sumartini | E107: 3893590 | G107: =G106-E107 -> 172007306
B108: Kasa | C108: Angsuran Pinjaman Bank Mandiri Sumartini | E108: 3929119 | G108: =G107-E108 -> 168078187
B109: Kasa | C109: Angsuran Pinjaman Bank Mandiri Sumartini | G109: =G108-E109 -> 168078187
B110: Kasa | C110: Angsuran Pinjaman Bank Mandiri Sumartini | G110: =G109-E110 -> 168078187
B111: Kasa | C111: Angsuran Pinjaman Bank Mandiri Sumartini | G111: =G110-E111 -> 168078187
...

Sheet Piutang Bank BSI - 25
A3: 1104.008
D5: ANGSURAN | F5: SALDO AWAL | G5: SALDO AKHIR
D6: D | E6: K
B7: Achmad Tawakkal
A8: 45658 | B8: Memo | C8: Saldo Awal | F8: 405421172
A9: 45682 | B9: Kasa | C9: Angsuran Pinjaman Bank BSI Achmad Tawakkal | E9: 3171140 | G9: =F8-E9 -> 402250032
A10: 45711 | B10: Kasa | C10: Angsuran Pinjaman Bank BSI Achmad Tawakkal | E10: 3200209 | G10: =G9-E10 -> 399049823
A11: 45741 | B11: Kasa | C11: Angsuran Pinjaman Bank BSI Achmad Tawakkal | E11: 3229544 | G11: =G10-E11 -> 395820279
A12: 45772 | B12: Kasa | C12: Angsuran Pinjaman Bank BSI Achmad Tawakkal | E12: 3259148 | G12: =G11-E12 -> 392561131
B13: Kasa | C13: Angsuran Pinjaman Bank BSI Achmad Tawakkal | G13: =G12-E13 -> 392561131
B14: Kasa | C14: Angsuran Pinjaman Bank BSI Achmad Tawakkal | G14: =G13-E14 -> 392561131
B15: Kasa | C15: Angsuran Pinjaman Bank BSI Achmad Tawakkal | G15: =G14-E15 -> 392561131
B16: Kasa | C16: Angsuran Pinjaman Bank BSI Achmad Tawakkal | G16: =G15-E16 -> 392561131
B17: Kasa | C17: Angsuran Pinjaman Bank BSI Achmad Tawakkal | G17: =G16-E17 -> 392561131
B18: Kasa | C18: Angsuran Pinjaman Bank BSI Achmad Tawakkal | G18: =G17-E18 -> 392561131
B19: Kasa | C19: Angsuran Pinjaman Bank BSI Achmad Tawakkal | G19: =G18-E19 -> 392561131
B20: Kasa | C20: Angsuran Pinjaman Bank BSI Achmad Tawakkal
B21: Agung Prihanto, Ir
A22: 45658 | B22: Memo | C22: Saldo Awal | F22: 0
B23: Kasa | C23: Angsuran Pinjaman Bank BSI Agung Prihanto, Ir | E23: 0 | G23: 0
B24: Kasa | C24: Angsuran Pinjaman Bank BSI Agung Prihanto, Ir | E24: 0 | G24: 0
B25: Kasa | C25: Angsuran Pinjaman Bank BSI Agung Prihanto, Ir | E25: 0 | G25: 0
B26: Kasa | C26: Angsuran Pinjaman Bank BSI Agung Prihanto, Ir | E26: 0 | G26: 0
B27: Kasa | C27: Angsuran Pinjaman Bank BSI Agung Prihanto, Ir | E27: 0 | G27: 0
B28: Kasa | C28: Angsuran Pinjaman Bank BSI Agung Prihanto, Ir | E28: 0 | G28: 0
B29: Kasa | C29: Angsuran Pinjaman Bank BSI Agung Prihanto, Ir | E29: 0 | G29: 0
B30: Kasa | C30: Angsuran Pinjaman Bank BSI Agung Prihanto, Ir | E30: 0 | G30: 0
B31: Kasa | C31: Angsuran Pinjaman Bank BSI Agung Prihanto, Ir | E31: 0 | G31: 0
B35: Andi Lama Passesu
A36: 45658 | B36: Memo | C36: Saldo Awal | F36: 193016940
A37: 45682 | B37: Kasa | C37: Angsuran Pinjaman Bank BSI Andi Lama Passesu | E37: 5840526 | G37: =F36-E37 -> 187176414
A38: 45711 | B38: Kasa | C38: Angsuran Pinjaman Bank BSI Andi Lama Passesu | E38: 5894064 | G38: =G37-E38 -> 181282350
A39: 45741 | B39: Kasa | C39: Angsuran Pinjaman Bank BSI Andi Lama Passesu | E39: 5948093 | G39: =G38-E39 -> 175334257
A40: 45772 | B40: Kasa | C40: Angsuran Pinjaman Bank BSI Andi Lama Passesu | E40: 6002617 | G40: =G39-E40 -> 169331640
B41: Kasa | C41: Angsuran Pinjaman Bank BSI Andi Lama Passesu | G41: =G40-E41 -> 169331640
B42: Kasa | C42: Angsuran Pinjaman Bank BSI Andi Lama Passesu | G42: =G41-E42 -> 169331640
B43: Kasa | C43: Angsuran Pinjaman Bank BSI Andi Lama Passesu | G43: =G42-E43 -> 169331640
B44: Kasa | C44: Angsuran Pinjaman Bank BSI Andi Lama Passesu | G44: =G43-E44 -> 169331640
B45: Kasa | C45: Angsuran Pinjaman Bank BSI Andi Lama Passesu | G45: =G44-E45 -> 169331640
B46: Kasa | C46: Angsuran Pinjaman Bank BSI Andi Lama Passesu | G46: =G45-E46 -> 169331640
B47: Kasa | C47: Angsuran Pinjaman Bank BSI Andi Lama Passesu | G47: =G46-E47 -> 169331640
B48: Kasa | C48: Angsuran Pinjaman Bank BSI Andi Lama Passesu
B49: Arief Budi Permana, Ir
A50: 45658 | B50: Memo | C50: Saldo Awal | F50: 0
A51: 45682 | B51: Kasa | C51: Angsuran Pinjaman Bank BSI Arief Budi Permana, Ir | E51: - | G51: -
A52: 45711 | B52: Kasa | C52: Angsuran Pinjaman Bank BSI Arief Budi Permana, Ir | E52: - | G52: -
A53: 45741 | B53: Kasa | C53: Angsruan Pinjaman Bank BSI Arief Budi Permana, Ir | E53: - | G53: -
A54: 45772 | B54: Kasa | C54: Angsuran Pinjaman Bank BSI Arief Budi Permana, Ir | E54: - | G54: -
B55: Kasa | C55: Angsuran Pinjaman Bank BSI Arief Budi Permana, Ir
B56: Kasa | C56: Angsuran Pinjaman Bank BSI Arief Budi Permana, Ir
B57: Kasa | C57: Angsuran Pinjaman Bank BSI Arief Budi Permana, Ir
B58: Kasa | C58: Angsuran Pinjaman Bank BSI Arief Budi Permana, Ir
B59: Kasa | C59: Angsuran Pinjaman Bank BSI Arief Budi Permana, Ir
A61: TUTUP DENGAN DANA BLOKIRAN PINJAMAN ANGGOTA
B64: Dandi Rukmana
A65: 45658 | B65: Memo | C65: Saldo Awal | F65: 290740407
A66: 45682 | B66: Kasa | C66: Angsuran Pinjaman Bank BSI Dandi Rukmana | E66: 2831434 | G66: =F65-E66 -> 287908973
A67: 45711 | B67: Kasa | C67: Angsuran Pinjaman Bank BSI Dandi Rukmana | E67: 2859748 | G67: =G66-E67 -> 285049225
A68: 45741 | B68: Kasa | C68: Angsuran Pinjaman Bank BSI Dandi Rukmana | E68: 2888346 | G68: =G67-E68 -> 282160879
A69: 45772 | B69: Kasa | C69: Angsuran Pinjaman BSI Dandi Rukmana | E69: 2917229 | G69: =G68-E69 -> 279243650
B70: Kasa | C70: Angsuran Pinjaman Bank BSI Dandi Rukmana | G70: =G69-E70 -> 279243650
B71: Kasa | C71: Angsuran Pinjaman Bank BSI Dandi Rukmana | G71: =G70-E71 -> 279243650
B72: Kasa | C72: Angsuran Pinjaman Bank BSI Dandi Rukmana | G72: =G71-E72 -> 279243650
B73: Kasa | C73: Angsuran Pinjaman Bank BSI Dandi Rukmana | G73: =G72-E73 -> 279243650
B74: Kasa | C74: Angsuran Pinjaman Bank BSI Dandi Rukmana | G74: =G73-E74 -> 279243650
B75: Kasa | C75: Angsuran Pinjaman Bank BSI Dandi Rukmana | G75: =G74-E75 -> 279243650
B76: Kasa | C76: Angsuran Pinjaman Bank BSI Dandi Rukmana | G76: =G75-E76 -> 279243650
B77: Kasa | C77: Angsuran Pinjaman Bank BSI Dandi Rukmana
B78: Dede Mamun, SE
A79: 45658 | B79: Memo | C79: Saldo Awal | F79: 189601020
A80: 45682 | B80: Kasa | C80: Angsuran Pinjaman Bank BSI Dede Mamun, SE | E80: 7460150 | G80: =F79-E80 -> 182140870
A81: 45711 | B81: Kasa | C81: Angsuran Pinjaman Bank BSI Dede Mamun, SE | E81: 7526981 | G81: =G80-E81 -> 174613889
A82: 45741 | B82: Kasa | C82: Angsuran Pinjaman Bank BSI Dede Mamun, SE | E82: 7594410 | G82: =G81-E82 -> 167019479
A83: 45772 | B83: Kasa | C83: Angsuran Pinjaman Bank BSI Dede Mamun, SE | E83: 7662443 | G83: =G82-E83 -> 159357036
B84: Kasa | C84: Pelunasan Pinjaman Bank BSI Dede Mamun, SE | G84: =G83-E84 -> 159357036
B85: Memo | C85: Pencairan Pinjaman Bank BSI Dede Mamum | G85: =G84+D85 -> 159357036
B86: Kasa | C86: Angsuran Pinjaman Bank BSI Dede Mamun, SE | G86: =G85-E86 -> 159357036
B87: Kasa | C87: Angsuran Pinjaman Bank BSI Dede Mamun, SE | G87: =G86-E87 -> 159357036
B88: Kasa | C88: Angsuran Pinjaman Bank BSI Dede Mamun, SE | G88: =G87-E88 -> 159357036
B89: Kasa | C89: Angsuran Pinjaman Bank BSI Dede Mamun, SE | G89: =G88-E89 -> 159357036
B90: Kasa | C90: Angsuran Pinjaman Bank BSI Dede Mamun, SE | G90: =G89-E90 -> 159357036
C91: Angsuran Pinjaman Bank BSI Dede Mamun, SE | G91: =G90-E91 -> 159357036
B93: Elis Rosida
A95: 45658 | B95: Memo | C95: Saldo Awal | F95: 51162179
A96: 45682 | B96: Kasa | C96: Angsuran Pinjaman Bank BSI Elis Rosida | E96: 4441821 | G96: =F95-E96 -> 46720358
A97: 45711 | B97: Kasa | C97: Angsuran Pinjaman Bank BSI Elis Rosida | E97: 4482538 | G97: =G96-E97 -> 42237820
A98: 45741 | B98: Kasa | C98: Angsuran Pinjaman Bank BSI Elis Rosida | E98: 4523628 | G98: =G97-E98 -> 37714192
A99: 45772 | B99: Kasa | C99: Angsuran Pinjaman Bank BSI Elis Rosida | E99: 4565094 | G99: =G98-E99 -> 33149098
B100: Kasa | C100: Angsuran Pinjaman Bank BSI Elis Rosida | G100: =G99-E100 -> 33149098
B101: Kasa | C101: Angsuran Pinjaman Bank BSI Elis Rosida | G101: =G100-E101 -> 33149098
B102: Kasa | C102: Angsuran Pinjaman Bank BSI Elis Rosida | G102: =G101-E102 -> 33149098
B103: Kasa | C103: Angsuran Pinjaman Bank BSI Elis Rosida | G103: =G102-E103 -> 33149098
B104: Kasa | C104: Angsuran Pinjaman Bank BSI Elis Rosida | G104: =G103-E104 -> 33149098
B105: Kasa | C105: Angsuran Pinjaman Bank BSI Elis Rosida | G105: =G104-E105 -> 33149098
B106: Kasa | C106: Angsuran Pinjaman Bank BSI Elis Rosida | G106: =G105-E106 -> 33149098
B107: Kasa | C107: Angsuran Pinjaman Bank BSI Elis Rosida | G107: =G106-E107 -> 33149098
B108: Endah Mustika Ningtyas
A109: 45658 | B109: Memo | C109: Saldo Awal | F109: 130741700
A110: 45682 | B110: Kasa | C110: Angsuran Pinjaman Bank BSI Endah Mustika Ningtyas | E110: 1314883 | G110: =F109-E110 -> 129426817
A111: 45711 | B111: Kasa | C111: Angsuran Pinjaman Bank BSI Endah Mustika Ningtyas | E111: 1326936 | G111: =G110-E111 -> 128099881
...
