Workbook

Sheet TANDA TERIMA
A1: REKAPITULASI POTONGAN
A2: GAJI BULAN JUNI 2015
A3: SBU INDUSTRI
A5: 1 | B5: Pinjaman Reguler & Khusus | E5: ='Khusus & reguler'!I13 -> 0
A7: 2 | B7: Hutang Chaneling :
B8: 1) Bank DKI | E8: ='DKI (2)'!E8+'DKI(LUNAS)'!E7 -> 0
B9: 2) Bank BRI SYARIAH | E9: =BRIS!E8 -> 0
A11: T O T A L | E11: =SUM(E5:E9) -> 0
A12: 3 | B12: Simpanan Wajib | E12: =DAFTAR!C13 -> 400000
A14: J U M L A H | E14: =E11+E12 -> 400000
E17: Jakarta, 15 Juni 2015
A18: Mengetahui, | E18: Pembuat Daftar,
A22: MEGA HADIYANTI | E22: SAEPUL
D24: TANDA TERIMA

Sheet DAFTAR (2)
A1: PT. (PERSERO) BIRO KLASIFIKASI INDONESIA
A2: DAFTAR : PEMOTONGAN PINJAMAN + JASA DARI GAJI
A3: PEGAWAI : SBU INDUSTRI KONTRAK PERIODE BULAN DESEMBER 2022
A5: NO. | B5: N A M A | C5: BANK MANDIRI | D5: BANK BJB | E5: BRI SYARIAH | F5: BANK DKI | G5: KHUSUS | H5: REGULER | I5: JUMLAH | K5: KETERANGAN
A7: 1 | B7: 2 | E7: 3 | F7: 4 | I7: ( 3+4 )
A8: 1 | B8: DIMAS PUTRA PRASETYO | E8: 0 | F8: 0 | G8: 0 | H8: 0 | I8: =SUM(C8:H8) -> 0
A9: 2 | B9: HARYANTI | E9: 0 | F9: 0 | G9: 0 | H9: 0 | I9: =SUM(C9:H9) -> 0
A10: 3 | B10: IRMA YUNIATI | E10: 0 | F10: 0 | G10: 0 | H10: 0 | I10: =SUM(C10:H10) -> 0
A11: 4 | B11: SALI SARTIKA | E11: 0 | F11: 0 | G11: 0 | H11: 0 | I11: =SUM(C11:H11) -> 0
A12: 5 | B12: SATRIA ADI SUKMA N | E12: 0 | F12: 0 | G12: 0 | H12: 0 | I12: =SUM(C12:H12) -> 0
B13: J U M L A H | C13: =SUM(C8:C12) -> 0 | D13: =SUM(D8:D12) -> 0 | E13: =SUM(E8:E12) -> 0 | F13: =SUM(F8:F12) -> 0 | G13: =SUM(G8:G12) -> 0 | H13: =SUM(H8:H12) -> 0 | I13: =SUM(I8:I12) -> 0
A14: Terbilang :
A15: #NAME?
F17: Jakarta, 13 Desember 2022
B18: Mengetahui, | F18: Pembuat Daftar,
B22: SULAEMAN | F22: M.RADIANSYAH

Sheet REKAP (2)
A1: REKAPITULASI POTONGAN
A2: GAJI BULAN FEBRUARI 2020
A3: PT. BIRO KLASIFIKASI INDONESIA (PERSERO)
A4: SBU INDUSTRI
A6: 1 | B6: Pinjaman Reguler & Khusus | E6: ='Khusus & reguler'!I13 -> 0
A8: 2 | B8: Hutang Chaneling :
B9: 1) Bank BRI SYARIAH | E9: =BRIS!E8 -> 0
B10: 2) Bank BJB | E10: =#REF! -> #REF!
B11: 3) Bank MANDIRI | E11: =#REF! -> #REF!
A12: T O T A L | E12: =SUM(E6:E11) -> #REF!
A13: 3 | B13: Simpanan Wajib | E13: =DAFTAR!C13 -> 400000
A14: 4 | B14: Simpanan Pokok | E14: =DAFTAR!D13 -> 0
A15: J U M L A H | E15: =E12+E13+E14 -> #REF!
E18: Jakarta, 19 Februari 2020
A19: Mengetahui, | E19: Pembuat Daftar,
A23: SULAEMAN | E23: M.RADIANSYAH

Sheet REKAP (3)
A1: REKAPITULASI POTONGAN
A2: GAJI BULAN JULI 2021
A3: PT. BIRO KLASIFIKASI INDONESIA (PERSERO)
A4: SBU INDUSTRI
A6: 1 | B6: Pinjaman Reguler & Khusus | E6: ='Khusus & reguler'!I13 -> 0
A8: 2 | B8: Hutang Chaneling :
B9: 1) Bank BRI SYARIAH | E9: =BRIS!E8 -> 0
B10: 2) Bank BJB | E10: =#REF! -> #REF!
B11: 3) Bank MANDIRI | E11: =#REF! -> #REF!
A12: T O T A L | E12: =SUM(E6:E11) -> #REF!
A13: 3 | B13: Simpanan Wajib | E13: =DAFTAR!C13 -> 400000
A14: 4 | B14: Simpanan Pokok | E14: =DAFTAR!D13 -> 0
A15: J U M L A H | E15: =E12+E13+E14 -> #REF!
E18: Jakarta, 15 Juli 2021
A19: Mengetahui, | E19: Pembuat Daftar,
A23: SULAEMAN | E23: M.RADIANSYAH

Sheet REKAP
A1: REKAPITULASI POTONGAN
A2: GAJI BULAN JANUARI 2026
A3: PT. BIRO KLASIFIKASI INDONESIA (PERSERO)
A4: SBU INDUSTRI KONTRAK
A6: 1 | B6: Pinjaman Reguler & Khusus | E6: ='REGULER & KHUSUS'!L11 -> 3410321
A8: 2 | B8: Hutang Chaneling :
B9: 1) Bank BRI SYARIAH | E9: =BRIS!E8 -> 0
B10: 2) Bank BJB | E10: 0
B11: 3) Bank MANDIRI | E11: 0
A12: T O T A L | E12: =SUM(E6:E11) -> 3410321
A13: 3 | B13: Simpanan Wajib | E13: =DAFTAR!C13 -> 400000
A14: 4 | B14: Simpanan Pokok | E14: =DAFTAR!D13 -> 0
A15: J U M L A H | E15: =E12+E13+E14 -> 3810321
E18: Jakarta, 07 Januari 2026
A19: Mengetahui, | E19: Pembuat Daftar,
A23: DEA ADAWIYAH | E23: VIVI HAZLINDA

Sheet DAFTAR
A1: PT.BIRO KLASIFIKASI INDONESIA (PERSERO)
A2: DAFTAR : PEMOTONGAN PINJAMAN + JASA DARI GAJI
A3: PEGAWAI : SBU INDUSTRI KONTRAK PERIODE BULAN JANUARI 2026
A5: NO. | B5: N A M A | C5: SIMPANAN WAJIB | D5: SIMPANAN POKOK | E5: PINJAMAN | F5: JUMLAH
A7: 1 | B7: 2 | C7: 3 | D7: 4 | E7: 5 | F7: 6=3+4+5
A8: 1 | B8: HARYANTI | C8: 100000 | D8: 0 | E8: 0 | F8: =C8+D8+E8 -> 100000
A9: 2 | B9: ISHAK CHRISTIAN MEGAWE | C9: 100000 | D9: 0 | E9: ='REGULER & KHUSUS'!L8 -> 2500000 | F9: =C9+D9+E9 -> 2600000
A10: 3 | B10: ANDI AULYA | C10: 100000 | D10: 0 | E10: ='REGULER & KHUSUS'!L9 -> 0 | F10: =C10+D10+E10 -> 100000 | G10: NEW MEMBER PER MEI 2025
A11: 4 | B11: RANDI RANTE | C11: 100000 | D11: 0 | E11: ='REGULER & KHUSUS'!L10 -> 910321 | F11: =C11+D11+E11 -> 1010321 | G11: NEW MEMBER PER JULI 2025
A12: 5
B13: J U M L A H | C13: =SUM(C8:C12) -> 400000 | D13: =SUM(D8:D12) -> 0 | E13: =SUM(E8:E12) -> 3410321 | F13: =SUM(F8:F12) -> 3810321
A14: Terbilang :
B15: Tiga Juta Delapan Ratus Sepuluh Ribu Tiga Ratus Dua Puluh Satu Rupiah
E17: Jakarta, 07 Januari 2026
B18: Mengetahui, | E18: Pembuat Daftar,
B23: DEA ADAWIYAH | E23: VIVI HAZLINDA

Sheet REGULER & KHUSUS
A1: PT.BIRO KLASIFIKASI INDONESIA (PERSERO)
A2: DAFTAR : PEMOTONGAN PINJAMAN + JASA DARI GAJI
A3: PEGAWAI : SBU INDUSTRI KONTRAK PERIODE BULAN JANUARI 2026
A5: NO. | B5: N A M A | C5: PINJAMAN KHUSUS | F5: PINJAMAN REGULER | I5: PINJAMAN BARANG | L5: TOTAL
C6: POKOK | D6: JASA | E6: JUMLAH | F6: POKOK | G6: JASA | H6: JUMLAH | I6: POKOK | J6: JASA | K6: JUMLAH
A7: 1 | B7: 2 | C7: 3 | D7: 4 | E7: 5 | F7: 6 | G7: 7 | H7: 8 | I7: 9 | J7: 10 | K7: 11 | L7: 9 =(5+8+11)
A8: 1 | B8: ISHAK CHRISTIAN MEGAWE | C8: 0 | D8: 0 | E8: =C8+D8 -> 0 | F8: 2500000 | H8: =F8+G8 -> 2500000 | I8: 0 | J8: 0 | K8: =I8+J8 -> 0 | L8: =E8+H8+K8 -> 2500000 | M8: PINJAMAN REGULER BARU, BARU CAIR OKTOBER 2025
A9: 2 | B9: ANDI AULYA | C9: 0 | D9: 0 | E9: =C9+D9 -> 0 | F9: 0 | H9: =F9+G9 -> 0 | I9: 0 | J9: 0 | K9: 0 | L9: =E9+H9+K9 -> 0 | M9: Pinj. Barang Lunas Per Desember 2025
A10: 3 | B10: RANDI RANTE | C10: 0 | D10: 0 | E10: =C10+D10 -> 0 | F10: 0 | G10: 0 | H10: =F10+G10 -> 0 | I10: 901988 | J10: 8333 | K10: =I10+J10 -> 910321 | L10: =E10+H10+K10 -> 910321
B11: J U M L A H | C11: =SUM(C8:C10) -> 0 | D11: =SUM(D8:D10) -> 0 | E11: =SUM(E8:E10) -> 0 | F11: =SUM(F8:F10) -> 2500000 | G11: =SUM(G8:G10) -> 0 | H11: =SUM(H8:H10) -> 2500000 | I11: =SUM(I8:I10) -> 901988 | J11: =SUM(J8:J10) -> 8333 | ... L11: =SUM(L8:L10) -> 3410321
A12: Terbilang : | B12: Tiga Juta Empat Ratus Sepuluh Ribu Tiga Ratus Dua Puluh Satu Rupiah
H15: Jakarta, 07 Januari 2026
B16: Mengetahui, | H16: Pembuat daftar,
B21: DEA ADAWIYAH | H21: VIVI HAZLINDA

Sheet Khusus & reguler
A1: PT.BIRO KLASIFIKASI INDONESIA (PERSERO)
A2: DAFTAR : PEMOTONGAN PINJAMAN + JASA DARI GAJI
A3: PEGAWAI : SBU INDUSTRI KONTRAK PERIODE BULAN DESEMBER 2022
A5: NO. | B5: N A M A | C5: PINJAMAN KHUSUS | F5: PINJAMAN REGULER | I5: JUMLAH
C6: POKOK | D6: JASA | E6: JUMLAH | F6: POKOK | G6: JASA | H6: JUMLAH
A7: 1 | B7: 2 | C7: 3 | D7: 4 | E7: 5 | F7: 6 | G7: 7 | H7: 8 | I7: 9=5+8
A8: 1 | B8: DIMAS PUTRA PRASETYO | D8: 0 | E8: =C8+D8 -> 0 | F8: 0 | G8: 0 | H8: =F8+G8 -> 0 | I8: =E8+H8 -> 0
A9: 2 | B9: HARYANTI | C9: 0 | D9: 0 | E9: =C9+D9 -> 0 | F9: 0 | G9: 0 | H9: =F9+G9 -> 0 | I9: =E9+H9 -> 0
A10: 3 | B10: IRMA YUNIATI | C10: 0 | D10: 0 | E10: =C10+D10 -> 0 | F10: 0 | G10: 0 | H10: =F10+G10 -> 0 | I10: =E10+H10 -> 0
A11: 4 | B11: SALI SARTIKA | D11: 0 | E11: =C11+D11 -> 0 | F11: 0 | G11: 0 | H11: =F11+G11 -> 0 | I11: =E11+H11 -> 0
A12: 5 | B12: SATRIA ADI SUKMA N | C12: 0 | D12: 0 | E12: =C12+D12 -> 0 | F12: 0 | G12: 0 | H12: =F12+G12 -> 0 | I12: =E12+H12 -> 0
A13: J U M L A H | C13: =SUM(C8:C12) -> 0 | D13: =SUM(D8:D12) -> 0 | E13: =SUM(E8:E12) -> 0 | F13: =SUM(F8:F12) -> 0 | G13: =SUM(G8:G12) -> 0 | H13: =SUM(H8:H12) -> 0 | I13: =SUM(I8:I12) -> 0
A14: Terbilang :
A15: #NAME?
G17: Jakarta, 13 Desember 2022
B18: Mengetahui, | G18: Pembuat daftar,
B23: SULAEMAN | G23: M.RADIANSYAH

Sheet DKI (2)
A1: DAFTAR ANGSURAN ANGGOTA KE BANK DKI
A2: CABANG BINTARO SBU INDUSTRI
A3: BULAN JULI 2017
A5: NO. | B5: NAMA | C5: ANGSURAN | D5: BUNGA | E5: TOTAL | F5: KET
A6: 1 | B6: 2 | C6: 3 | D6: 4 | E6: 5=3+4 | F6: 6
A7: 1 | B7: BURHANUDDIN | C7: 0 | D7: 0 | E7: =C7+D7 -> 0 | F7: Tahap 7/2012
A8: JUMLAH | C8: =SUM(C7:C7) -> 0 | D8: =SUM(D7:D7) -> 0 | E8: =SUM(E7:E7) -> 0
A9: TERBILANG :
A10: #NAME?
E12: Jakarta, 14 Juli 2017
B13: Mengetahui, | E13: Pembuat Daftar,
B17: MEGA HADIYANTI, S.E. | E17: M.RADIANSYAH

Sheet DKI(LUNAS)
A1: DAFTAR ANGSURAN ANGGOTA KE BANK DKI
A2: CABANG BINTARO SBU INDUSTRI
A3: BULAN NOVEMBER 2015
A5: NO. | B5: NAMA | C5: ANGSURAN | D5: BUNGA | E5: TOTAL | F5: KET | H5: LUNAS
A6: 1 | B6: SUTRISNO | C6: 0 | D6: 0 | E6: =C6+D6 -> 0 | F6: Tahun 2012
A7: JUMLAH | C7: =SUM(C6:C6) -> 0 | D7: =SUM(D6:D6) -> 0 | E7: =SUM(E6:E6) -> 0
A8: TERBILANG :
A9: #NAME?
E11: Jakarta, November2015
B12: Mengetahui, | E12: Pembuat daftar,
B16: MEGA HADIYANTI | E16: MUHAMMAD RADIANSYAH

Sheet BRIS
A1: DAFTAR ANGSURAN ANGGOTA BRI SYARIAH
A2: UNIT KERJA SBU INDUSTRI
A3: BULAN : SEPTEMBER 2019
A5: NO. | B5: NAMA | C5: ANGSURAN | D5: BUNGA | E5: TOTAL | F5: KET
A6: 1 | B6: 2 | C6: 3 | D6: 4 | E6: 5=3+4 | F6: 6
A7: 1 | B7: R AGUS DODDY DWI SAGITA | C7: 0 | D7: 0 | E7: =C7+D7 -> 0 | F7: Tahap 2/2016
A8: JUMLAH | C8: =SUM(C7:C7) -> 0 | D8: =SUM(D7:D7) -> 0 | E8: =SUM(E7:E7) -> 0
A9: TERBILANG :
A10: #NAME?
E12: Jakarta, 15 September 2019
B13: Mengetahui, | E13: Pembuat daftar,
B17: MEGA HADIYANTI, S.E. | E17: M.RADIANSYAH
