Workbook

Sheet TANDA TERIMA
A1: REKAPITULASI POTONGAN
A2: GAJI BULAN MEI 2016
A3: PT.(PERSERO) BIRO KLASIFIKASI INDONESIA
A4: SBU INFRASTRUKTUR & JASA UMUM
A6: 1 | B6: Pinjaman Reguler & Khusus | E6: ='Khusus & reguler'!I15 -> 9372222
A8: 2 | B8: Hutang Chaneling :
B9: 1) Bank DKI | E9: ='DKI (2)'!E9 -> 0
B10: 2) Bank BRI SYARIAH | E10: =BRIS!E7 -> 0
B11: 2) Bank BRI SYARIAH Tahap 1 /2016 | E11: =REKAP!E11 -> 0
A12: T O T A L | E12: =SUM(E6:E11) -> 9372222
A13: 3 | B13: Simpanan Wajib | E13: =DAFTAR!C17 -> 900000
A15: J U M L A H | E15: =E12+E13 -> 10272222
E18: Jakarta, 15 Juni 2016
A19: Mengetahui, | E19: Pembuat Daftar,
A23: MEGA HADIYANTI | E23: SAEPUL
D25: TANDA TERIMA

Sheet DAFTAR (2)
A1: PT. (PERSERO) BIRO KLASIFIKASI INDONESIA
A2: DAFTAR : PEMOTONGAN PINJAMAN + JASA DARI GAJI
A3: PEGAWAI : SBU ENERGI KONTRAK PERIODE BULAN DESEMBER 2022
A5: NO. | B5: N A M A | C5: MANDIRI | D5: BANK BJB | E5: BRI SYARI'AH | F5: BANK DKI | G5: KHUSUS | H5: REGULER | I5: JUMLAH
A6: 1 | B6: 2 | C6: 3 | D6: 4 | E6: 5 | F6: 6 | G6: 7 | H6: 8 | I6: 8=(3+4+5+6+7)
A7: 1 | B7: AFNITA CITRA UTAMA | C7: 0 | D7: 0 | E7: 0 | F7: 0 | G7: 0 | H7: 0 | I7: =SUM(C7:H7) -> 0
A8: 2 | B8: ALDI WAHYU PRASETYO | C8: 0 | D8: 0 | E8: 0 | F8: 0 | G8: 0 | H8: 5000000 | I8: =SUM(C8:H8) -> 5000000
A9: 3 | B9: HENGKY PRABOWO | C9: 0 | D9: 0 | E9: 0 | F9: 0 | G9: 0 | H9: 2000000 | I9: =SUM(C9:H9) -> 2000000
A10: 4 | B10: HENKY VIEDIAN SANTOSO | C10: 0 | D10: 0 | E10: 0 | F10: 0 | G10: 0 | H10: 0 | I10: =SUM(C10:H10) -> 0
A11: 5 | B11: IQBAL REZKY | C11: 0 | D11: 0 | E11: 0 | F11: 0 | G11: 0 | H11: 5000000 | I11: =SUM(C11:H11) -> 5000000
A12: 6 | B12: MUHAMMAD ARDIANSYAH | C12: 0 | D12: 0 | E12: 0 | F12: 0 | G12: 36666667 | H12: 13500000 | I12: =SUM(C12:H12) -> 50166667
A13: 7 | B13: MUHAMMAD RIO | C13: 0 | D13: 0 | E13: 0 | F13: 0 | G13: 0 | H13: 4000000 | I13: =SUM(C13:H13) -> 4000000
A14: 8 | B14: MURDIYANTA | C14: 0 | D14: 0 | E14: 0 | F14: 0 | G14: 0 | H14: 13500000 | I14: =SUM(C14:H14) -> 13500000
A15: 9 | B15: NOVALDER SARTAPAYU | C15: 0 | D15: 0 | E15: 0 | F15: 0 | G15: 0 | H15: 12000000 | I15: =SUM(C15:H15) -> 12000000 | J15: BERMASALAH
A16: 10 | B16: NUR CAHYO FEBRIANTO | C16: 0 | D16: 0 | E16: 0 | F16: 0 | G16: 0 | H16: 5000000 | I16: =SUM(C16:H16) -> 5000000
A17: 11 | B17: SAEPUL | C17: 0 | D17: 0 | E17: 0 | F17: 0 | G17: 55250000 | H17: 0 | I17: =SUM(C17:H17) -> 55250000
A18: 12 | B18: SUSETYO WIJANARKO | C18: 0 | D18: 0 | E18: 0 | F18: 0 | G18: 0 | H18: 0 | I18: =SUM(C18:H18) -> 0
A19: 13 | B19: TANTRY OCTAVIANI | C19: 0 | D19: 0 | E19: 0 | F19: 0 | G19: 0 | H19: 8000000 | I19: =SUM(C19:H19) -> 8000000
A20: J U M L A H | C20: =SUM(C7:C19) -> 0 | D20: =SUM(D7:D19) -> 0 | E20: =SUM(E7:E19) -> 0 | F20: =SUM(F7:F19) -> 0 | G20: =SUM(G7:G19) -> 91916667 | H20: =SUM(H7:H19) -> 68000000 | I20: =SUM(I7:I19) -> 159916667
A21: Terbilang :
A22: #NAME?
G24: Jakarta, 13 Desember 2022
B25: Mengetahui, | G25: Pembuat Daftar,
B29: SULAEMAN | G29: M.RADIANSYAH
A33: NOTE : | B33: REGULER TIDAK DIPOTONG

Sheet REKAP
A1: REKAPITULASI POTONGAN
A2: GAJI BULAN JANUARI 2026
A3: PT.BIRO KLASIFIKASI INDONESIA (PERSERO)
A4: SBU ENERGI KONTRAK
A6: 1 | B6: Pinjaman Reguler & Khusus | E6: ='Khusus & reguler'!I15 -> 9372222
A8: 2 | B8: Hutang Chaneling :
B9: 1) Bank DKI | E9: ='DKI (2)'!E9 -> 0
B10: 2) Bank BRI SYARIAH | E10: =BRIS!E7 -> 0
B11: 3) Bank BRI SYARIAH Tahap 1 /2016 | E11: ='BRIS (2)'!E9 -> 0
B12: 4) BANK BJB Fasilitas II | E12: 0
B13: 4) BANK Mandiri | E13: 0
A14: T O T A L | E14: =SUM(E6:E13) -> 9372222
A15: 3 | B15: Simpanan Wajib | E15: =DAFTAR!C17 -> 900000
A16: 4 | B16: Simpanan Pokok | E16: =DAFTAR!D17 -> 0
A17: J U M L A H | E17: =E14+E15+E16 -> 10272222
E20: Jakarta, 07 Januari 2026
A21: Mengetahui, | E21: Pembuat Daftar,
A25: DEA ADAWIYAH | E25: VIVI HAZLINDA

Sheet DAFTAR
A1: PT. (PERSERO) BIRO KLASIFIKASI INDONESIA
A2: DAFTAR : PEMOTONGAN PINJAMAN + JASA DARI GAJI
A3: PEGAWAI : SBU ENERGI KONTRAK PERIODE BULAN JANUARI 2026
A5: NO. | B5: N A M A | C5: SIMPANAN WAJIB | D5: SIMPANAN POKOK | E5: PINJAMAN | F5: JUMLAH
A7: 1 | B7: 2 | C7: 3 | D7: 4 | E7: 5 | F7: 6=3+4+5
A8: 1 | B8: ALDI MUHAMMAD RIANTO | C8: 100000 | D8: 0 | E8: ='Khusus & reguler'!I13 -> 1000000 | F8: =C8+D8+E8 -> 1100000
A9: 2 | B9: ALDI WAHYU PRASETYO | C9: 100000 | D9: 0 | E9: ='Khusus & reguler'!H12 -> 1000000 | F9: =C9+D9+E9 -> 1100000
A10: 3 | B10: HENGKY PRABOWO | C10: 100000 | D10: 0 | E10: ='Khusus & reguler'!I11 -> 850000 | F10: =C10+D10+E10 -> 950000
A11: 4 | B11: MUHAMMAD ARDIANSYAH | C11: 100000 | D11: 0 | E11: ='Khusus & reguler'!I8 -> 2722222 | F11: =C11+D11+E11 -> 2822222
A12: 5 | B12: MUHAMMAD RIO | C12: 100000 | D12: 0 | E12: ='Khusus & reguler'!I9 -> 1000000 | F12: =C12+D12+E12 -> 1100000
A13: 6 | B13: MURDIYANTA | C13: 100000 | D13: 0 | E13: ='Khusus & reguler'!I14 -> 1500000 | F13: =C13+D13+E13 -> 1600000
A14: 7 | B14: NUR CAHYO FEBRIANTO PUTRO | C14: 100000 | D14: 0 | E14: ='Khusus & reguler'!I10 -> 1300000 | F14: =C14+D14+E14 -> 1400000
A15: 8 | B15: SAEPUL | C15: 100000 | D15: 0 | E15: 0 | F15: =C15+D15+E15 -> 100000
A16: 9 | B16: UCOK NELWAN | C16: 100000 | D16: 0 | E16: 0 | F16: =C16+D16+E16 -> 100000 | G16: Anggota baru per September 2025
B17: J U M L A H | C17: =SUM(C8:C16) -> 900000 | D17: =SUM(D8:D16) -> 0 | E17: =SUM(E8:E16) -> 9372222 | F17: =SUM(F8:F16) -> 10272222
A18: Terbilang : Sepuluh Juta Dua Ratus Tujuh Puluh Dua Ribu Dua Ratus Dua Puluh Dua Rupiah
E21: Jakarta, 07 Januari 2026
B22: Mengetahui, | E22: Pembuat Daftar,
B26: DEA ADAWIYAH | E26: VIVI HAZLINDA

Sheet Khusus & reguler
A1: PT.BIRO KLASIFIKASI INDONESIA (PERSERO)
A2: DAFTAR : PEMOTONGAN PINJAMAN + JASA DARI GAJI
A3: PEGAWAI : SBU ENERGI KONTRAK PERIODE BULAN JANUARI 2026
A5: NO. | B5: N A M A | C5: PINJAMAN KHUSUS | F5: PINJAMAN REGULER | I5: JUMLAH
C6: POKOK | D6: JASA | E6: JUMLAH | F6: POKOK | G6: JASA | H6: JUMLAH
A7: 1 | B7: 2 | C7: 3 | D7: 4 | E7: 5 | F7: 6 | G7: 7 | H7: 8 | I7: 9 =(5+8)
A8: 1 | B8: MUHAMMAD ARDIANSYAH | C8: 2222222 | D8: 500000 | E8: =C8+D8 -> 2722222 | F8: - | G8: 0 | H8: - | I8: =E8 -> 2722222 | J8: Lunas Pinj Khusus Februari 2028 & Hardcopy Pinj Reg Lunas Per September 2025
A9: 2 | B9: MUHAMMAD RIO | C9: 0 | D9: 0 | E9: =C9+D9 -> 0 | F9: 1000000 | G9: 0 | H9: =F9+G9 -> 1000000 | I9: =E9+H9 -> 1000000 | J9: Lunas Per Januari 2026
A10: 3 | B10: NUR CAHYO FEBRIANTO | C10: 0 | D10: 0 | E10: =C10+D10 -> 0 | F10: 1300000 | G10: 0 | H10: =F10+G10 -> 1300000 | I10: =E10+H10 -> 1300000 | J10: Lunas Per Januari 2026
A11: 4 | B11: HENGKI PRABOWO | C11: 0 | D11: 0 | E11: =C11+D11 -> 0 | F11: 850000 | G11: 0 | H11: =F11+G11 -> 850000 | I11: =E11+H11 -> 850000 | J11: Lunas Agustus 2026 (Jika Lebaran tidak dipotong), Pinjaman Baru cair di November 2025
A12: 5 | B12: ALDI WAHYU PRASETYO | C12: 0 | D12: 0 | E12: =C12+D12 -> 0 | F12: 1000000 | G12: 0 | H12: =F12+G12 -> 1000000 | I12: =E12+H12 -> 1000000 | J12: Lunas Per Januari 2026
A13: 6 | B13: ALDI MUHAMMAD RIANTO | C13: 0 | D13: 0 | E13: =C13+D13 -> 0 | F13: 1000000 | G13: 0 | H13: =F13+G13 -> 1000000 | I13: =E13+H13 -> 1000000 | J13: Lunas Per Januari 2026
A14: 7 | B14: MURDIYANTA | C14: 0 | D14: 0 | E14: =C14+D14 -> 0 | F14: 1500000 | G14: 0 | H14: =F14+G14 -> 1500000 | I14: =E14+H14 -> 1500000 | J14: Baru cair September Akhir, Lunas Juli 2026
B15: J U M L A H | C15: =SUM(C8:C14) -> 2222222 | D15: =SUM(D8:D14) -> 500000 | E15: =SUM(E8:E14) -> 2722222 | F15: =SUM(F8:F14) -> 6650000 | G15: =SUM(G8:G14) -> 0 | H15: =SUM(H8:H14) -> 6650000 | I15: =SUM(I8:I14) -> 9372222
A16: Terbilang : Sembilan Juta Tiga Ratus Tujuh Puluh Dua Ribu Dua Ratus Dua Puluh Dua Rupiah
H19: Jakarta, 07 Januari 2026
B20: Mengetahui, | H20: Pembuat daftar,
B24: DEA ADAWIYAH | H24: VIVI HAZLINDA

Sheet DKI (2)
A1: DAFTAR ANGSURAN ANGGOTA KE BANK DKI
A2: CABANG BINTARO BKI - SBU ENERGI
A3: BULAN OKTOBER 2016
A5: NO. | B5: NAMA | C5: ANGSURAN | D5: BUNGA | E5: TOTAL | F5: KET
A6: 1 | B6: ROCHMANSYAH | C6: 0 | D6: 0 | E6: =C6+D6 -> 0 | F6: Tahun 2012
A7: 2 | B7: TOGAP HIDAYAT | C7: 0 | D7: 0 | E7: =C7+D7 -> 0 | F7: Tahap 1/2011
A8: 3 | B8: YUDAS PASOMBA | C8: 0 | D8: 0 | E8: =C8+D8 -> 0 | F8: Tahap 3 / 2012 | H8: Terakhir dipotong bulan APRIL
A9: JUMLAH | C9: =SUM(C6:C8) -> 0 | D9: =SUM(D6:D8) -> 0 | E9: =SUM(E6:E8) -> 0
A11: TERBILANG :
A12: #NAME?
E14: Jakarta,18 Oktober 2016
B15: Mengetahui, | E15: Pembuat Daftar,
B19: MEGA HADIYANTI,S.E. | E19: M.RADIANSYAH

Sheet BRIS
A1: DAFTAR ANGSURAN ANGGOTA BRI SYARIAH
A2: UNIT KERJA BKI - SBU ENERGI
A3: BULAN : NOVEMBER 2020
A5: NO. | B5: NAMA | C5: ANGSURAN | D5: BUNGA | E5: TOTAL | F5: KET
A6: 1 | B6: FERRY HARFIANTO EFFENDY | C6: 0 | D6: 0 | E6: =C6+D6 -> 0 | F6: Tahap 6/2015
A7: JUMLAH | C7: =SUM(C6:C6) -> 0 | D7: =SUM(D6:D6) -> 0 | E7: =SUM(E6:E6) -> 0 | F7: =SUM(F6:F6) -> 0
A8: TERBILANG :
A9: #NAME?
E12: Jakarta, 18 November 2020
B13: Mengetahui, | E13: Pembuat Daftar,
B17: SULAEMAN | E17: M.RADIANSYAH

Sheet BRIS (2)
A1: DAFTAR ANGSURAN ANGGOTA BRI SYARIAH
A2: UNIT KERJA BKI - SBU ENERGI
A3: BULAN : NOVEMBER 2020
A5: NO. | B5: NAMA | C5: ANGSURAN | D5: BUNGA | E5: TOTAL | F5: KET
A6: 1 | B6: 2 | C6: 3 | D6: 4 | E6: 5=3+4 | F6: 6
A7: 1 | B7: FERRY HARFIANTO EFFENDY | C7: 0 | D7: 0 | E7: =C7+D7 -> 0 | F7: Tahap 1/2016
A8: 2 | B8: SYAFRIL | C8: 0 | D8: 0 | E8: =C8+D8 -> 0 | F8: Tahap 1/2016
A9: JUMLAH | C9: =SUM(C7:C8) -> 0 | D9: =SUM(D7:D8) -> 0 | E9: =SUM(E7:E8) -> 0
A10: TERBILANG :
A11: #NAME?
E14: Jakarta, 18 November 2020
B15: Mengetahui, | E15: Pembuat Daftar,
B19: SULAEMAN | E19: M.RADIANSYAH
